<?xml version="1.0" encoding="UTF-8"?>
<window id="1150" type="dialog">
	<defaultcontrol always="true">90501</defaultcontrol>
	<coordinates>
		<system>1</system>
		<left>440</left>
		<top>100</top>
	</coordinates>
	<include>dialogeffect</include>
	<controls>
		<control type="image">
			<description>background image</description>
			<width>1030</width>
			<height>690</height>
			<texture border="40">dialogs/default/bg.png</texture>
		</control>
		<control type="label">
			<description>header label</description>
			<left>30</left>
			<top>32</top>
			<width>1030</width>
			<height>40</height>
			<textoffsetx>15</textoffsetx>
			<align>center</align>
			<aligny>center</aligny>
			<textcolor>dialogheader</textcolor>
			<font>font15</font>
			<label>$LOCALIZE[31127]</label>
		</control>
		
		<control type="scrollbar" id="30">
			<left>17</left>
			<top>87</top>
			<width>10</width>
			<height>574</height>
			<texturesliderbackground>-</texturesliderbackground>
			<texturesliderbar colordiffuse="55ffffff" border="1">scrollbar/texturesliderbar2.png</texturesliderbar>
			<texturesliderbarfocus border="1">scrollbar/texturesliderbar2.png</texturesliderbarfocus>
			<onleft>90502</onleft>
			<onright>90501</onright>
			<showonepage>false</showonepage>
			<orientation>vertical</orientation>
		</control>
		
		<!-- left group -->
		<control type="group" >
			<left>31</left>
			<top>88</top>
			<control type="image">
				<left>-1</left>
				<top>-2</top>
				<width>703</width>
				<height>574</height>
				<texture border="5">dialogs/default/inner.png</texture>
			</control>
			<control type="grouplist" id="90501">
				<description>control area</description>
				<width>700</width>
				<height>570</height>
				<itemgap>1</itemgap>
				<pagecontrol>30</pagecontrol>
				<onleft>30</onleft>
				<onright>90502</onright>
				<onup>90501</onup>
				<ondown>90501</ondown>
				<scrolltime tween="cubic" easing="out">500</scrolltime>
				
				<!-- TV CHANNELS SETTINGS  -->
				<control type="label" id="200">
					<width>700</width>
					<height>52</height>
					<textoffsetx>15</textoffsetx>
					<font>font13_title</font>
					<label>$LOCALIZE[31128]</label>
					<textcolor>themecolor</textcolor>
					<aligny>center</aligny>
				</control>
				<control type="radiobutton" id="326">
					<label>$LOCALIZE[31130]</label>
					<width>700</width>
					<onclick>Skin.ToggleSetting(alternatetvosd)</onclick>
					<selected>Skin.HasSetting(alternatetvosd)</selected>
				</control>
				<!-- <control type="radiobutton" id="327">
					<label>Switch places for progressbar & icon</label>
					<width>700</width>
					<onclick>Skin.ToggleSetting(iconleftprogressright)</onclick>
					<selected>Skin.HasSetting(iconleftprogressright)</selected>
				</control> -->
				
				<!-- EPG TIMELINE SETTINGS  -->
				<control type="label" id="201">
					<width>700</width>
					<height>52</height>
					<textoffsetx>15</textoffsetx>
					<font>font13_title</font>
					<label>$LOCALIZE[31131]</label>
					<textcolor>themecolor</textcolor>
					<aligny>center</aligny>
				</control>
				<control type="button" id="328">
					<description>Epg timeline channel list</description>
					<width>700</width>
					<label>$LOCALIZE[31133]</label>
					<label2>[COLOR labelheader]$VAR[GuideChannelListTypeOptionsLabelVar][/COLOR]</label2>
					<onclick>$VAR[GuideChannelListTypeOptionsClickVar]</onclick>
				</control>
				<control type="button" id="329">
					<description>Epg timeline view type</description>
					<width>700</width>
					<label>$LOCALIZE[31134]</label>
					<label2>[COLOR labelheader]$VAR[GuideTimelineViewTypeOptionsLabelVar][/COLOR]</label2>
					<onclick>$VAR[GuideTimelineViewOptionsClickVar]</onclick>
				</control>
				
				<!-- INFOBAR SETTINGS  -->
				<control type="label" id="202">
					<width>700</width>
					<height>52</height>
					<textoffsetx>15</textoffsetx>
					<font>font13_title</font>
					<label>$LOCALIZE[31135]</label>
					<textcolor>themecolor</textcolor>
					<aligny>center</aligny>
				</control>
				<control type="button" id="401">
					<description>Infobar types</description>
					<width>700</width>
					<label>$LOCALIZE[31136]</label>
					<label2>[COLOR selected]$VAR[LiveTvInfobarTypeOptionsLabelVar][/COLOR]</label2>
					<onclick>$VAR[LiveTvInfobarTypeOptionsClickVar]</onclick>
				</control>
				<control type="radiobutton" id="406">
					<label>$LOCALIZE[31137]</label>
					<onclick>Skin.ToggleSetting(infobar_hidetencrypt)</onclick>
					<selected>Skin.HasSetting(infobar_hidetencrypt)</selected>
					<width>700</width>
				</control>
				<control type="radiobutton" id="407">
					<label>$LOCALIZE[31138]</label>
					<onclick>Skin.ToggleSetting(infobar_hidetuners)</onclick>
					<selected>Skin.HasSetting(infobar_hidetuners)</selected>
					<width>700</width>
				</control>
				<control type="radiobutton" id="408">
					<label>$LOCALIZE[31139]</label>
					<onclick>Skin.ToggleSetting(infobar_hidesignalinfo)</onclick>
					<selected>Skin.HasSetting(infobar_hidesignalinfo)</selected>
					<width>700</width>
				</control>
				
				<!--  SIDEBLADE SETTINGS -->
				<control type="label" id="203">
					<width>700</width>
					<height>52</height>
					<textoffsetx>15</textoffsetx>
					<font>font13_title</font>
					<label>$LOCALIZE[31140]</label>
					<textcolor>themecolor</textcolor>
					<aligny>center</aligny>
				</control>
				<control type="radiobutton" id="402">
					<label>$LOCALIZE[31141]</label>
					<onclick>Skin.ToggleSetting(sideblade_hideepgtimeline)</onclick>
					<selected>Skin.HasSetting(sideblade_hideepgtimeline)</selected>
					<width>700</width>
				</control>
				<control type="radiobutton" id="403">
					<label>$LOCALIZE[31143]</label>
					<onclick>Skin.ToggleSetting(sideblade_hiderecordings)</onclick>
					<selected>Skin.HasSetting(sideblade_hiderecordings)</selected>
					<width>700</width>
				</control>
				<control type="radiobutton" id="404">
					<label>$LOCALIZE[31144]</label>
					<onclick>Skin.ToggleSetting(sideblade_hidetimer)</onclick>
					<selected>Skin.HasSetting(sideblade_hidetimer)</selected>
					<width>700</width>
				</control>
				<control type="radiobutton" id="405">
					<label>$LOCALIZE[31145]</label>
					<onclick>Skin.ToggleSetting(sideblade_hidesearch)</onclick>
					<selected>Skin.HasSetting(sideblade_hidesearch)</selected>
					<width>700</width>
				</control>
			</control>
			
		</control>
		
		<!-- right group -->
		<control type="group">
			<left>744</left>
			<top>88</top>
			<control type="image">
				<left>-1</left>
				<top>-2</top>
				<width>258</width>
				<height>258</height>
				<texture border="5">dialogs/default/inner.png</texture>
			</control>
			<control type="image">
				<left>-1</left>
				<top>261</top>
				<width>258</width>
				<height>311</height>
				<texture border="5">dialogs/default/inner.png</texture>
			</control>
			<control type="button" id="90502">
				<left>1</left>
				<top>512</top>
				<description>OK Button</description>
				<width>254</width>
				<label>190</label>
				<onclick>Dialog.Close(1129)</onclick>
				<onclick>ReloadSkin()</onclick>
				<onleft>90501</onleft>
				<onright>30</onright>
				<onup>90502</onup>
				<ondown>90502</ondown>
			</control>
			
			<!-- PREVIEW THUMBS -->
			<control type="group">
				<left>-1</left>
				<top>-2</top>
				<width>256</width>
				<height>256</height>
				<control type="image">
					<texture border="0">new_pvr/settings/enigma2OsdThumb.png</texture>
					<visible>Control.HasFocus(326)</visible>
					<aspectratio>keep</aspectratio>
				</control>
				
				<control type="image">
					<texture border="0">new_pvr/settings/epg_iconOnlyThumb.png</texture>
					<visible>Control.HasFocus(328) + String.IsEqual(Skin.String(LiveTV.EpgViewChannels),1)</visible>
					<aspectratio>keep</aspectratio>
				</control>
				<control type="image">
					<texture border="0">new_pvr/settings/epg_iconNameThumb.png</texture>
					<visible>Control.HasFocus(328) + String.IsEqual(Skin.String(LiveTV.EpgViewChannels),2)</visible>
					<aspectratio>keep</aspectratio>
				</control>
				<control type="image">
					<texture border="0">new_pvr/settings/epg_NameThumb.png</texture>
					<visible>Control.HasFocus(328) + String.IsEmpty(Skin.String(LiveTV.EpgViewChannels))</visible>
					<aspectratio>keep</aspectratio>
				</control>
				
				<control type="image">
					<texture border="0">new_pvr/settings/encrypt.png</texture>
					<visible>Control.HasFocus(406)</visible>
					<aspectratio>keep</aspectratio>
				</control>
				<control type="image">
					<texture border="0">new_pvr/settings/tuners.png</texture>
					<visible>Control.HasFocus(407)</visible>
					<aspectratio>keep</aspectratio>
				</control>
				<control type="image">
					<texture border="0">new_pvr/settings/signal.png</texture>
					<visible>Control.HasFocus(408)</visible>
					<aspectratio>keep</aspectratio>
				</control>
				
			</control>
		</control>
	</controls>
</window>