<?xml version="1.0" encoding="UTF-8"?>
<window id="1131" type="dialog">
	<defaultcontrol always="true">90300</defaultcontrol>
	<animation effect="fade" time="500">WindowOpen</animation>
	<animation effect="fade" time="300">WindowClose</animation>
	<onunload>ClearProperty(FSFanart,movieinformation)</onunload>
	<controls>
		<control type="button" id="90300">
			<description>FS Fanart button</description>
			<width>FullScreenWidth</width>
			<height>1080</height>
			<texturefocus border="35,2,35,2">-</texturefocus>
			<texturenofocus border="35,2,35,2">-</texturenofocus>
			<onclick>Dialog.Close(1131)</onclick>
			<label>-</label>
			<hitrect x="0" y="0" w="0" h="0"/>
		</control>
		<control type="image">
			<include>FullscreenDimensions</include>
			<aspectratio>scale</aspectratio>
			<texture>$INFO[Window(movieinformation).Property(FSFanart)]</texture>
		</control>
	</controls>
</window>