<?xml version="1.0" encoding="UTF-8"?>
<window>
	<defaultcontrol>1</defaultcontrol>
	<visible>[Window.IsActive(videoosd) | Window.IsActive(fullscreeninfo) | Player.ShowInfo | Player.Seeking | Player.DisplayAfterSeek | Player.Paused | Player.Forwarding | Player.Rewinding] + !Window.IsVisible(MusicOSD) + VideoPlayer.IsFullscreen</visible>
	<controls>
		<control type="group">
			<animation effect="slide" start="0,90" end="0,0" time="200">WindowOpen</animation>
			<animation effect="slide" start="0,90" end="0,0" time="200">VisibleChange</animation>
			<top>1014</top>
			<visible>!VideoPlayer.Content(LiveTV)</visible>
			<control type="image">
				<left>0</left>
				<top>4</top>
				<width>FullScreenWidth</width>
				<height>70</height>
				<texture border="1,32,1,1">bottombar.png</texture>
			</control>
			<control type="progress">
				<left>0</left>
				<top>27</top>
				<width>FullScreenWidth</width>
				<height>38</height>
				<texturebg border="2">osd/texturebg.png</texturebg>
				<lefttexture>-</lefttexture>
				<midtexture border="2">osd/midtexture_cache.png</midtexture>
				<righttexture>-</righttexture>
				<overlaytexture>-</overlaytexture>
				<info>Player.ProgressCache</info>
			</control>
			<control type="progress">
				<left>0</left>
				<top>28</top>
				<width>FullScreenWidth</width>
				<height>35</height>
				<texturebg border="1">osd/texturebg_cache.png</texturebg>
				<lefttexture>-</lefttexture>
				<midtexture border="2">osd/midtexture.png</midtexture>
				<righttexture>-</righttexture>
				<overlaytexture>-</overlaytexture>
				<info>Player.Progress</info>
				<colordiffuse>AAffffff</colordiffuse>
			</control>
			<control type="label">
				<top>24</top>
				<width>820</width>
				<height>90</height>
				<font>font14_title</font>
				<textoffsetx>15</textoffsetx>
				<textcolor>grey2</textcolor>
				<shadowcolor>shadow</shadowcolor>
				<align>left</align>
				<aligny>top</aligny>
				<textoffsety>-2</textoffsety>
				<label>$VAR[PlayerTitleLabelVar]</label>
			</control>
			<control type="label">
				<top>24</top>
				<left>0</left>
				<width>FullScreenWidth</width>
				<height>90</height>
				<font>font14_title</font>
				<textoffsetx>15</textoffsetx>
				<textcolor>grey2</textcolor>
				<shadowcolor>shadow</shadowcolor>
				<align>center</align>
				<aligny>top</aligny>
				<textoffsety>-2</textoffsety>
				<label>$VAR[SeekLabelVar]</label>
				<visible>!VideoPlayer.Content(LiveTV)</visible>
			</control>
			<control type="label">
				<top>24</top>
				<left>0</left>
				<width>FullScreenWidth</width>
				<height>90</height>
				<font>font14_title</font>
				<textoffsetx>15</textoffsetx>
				<textcolor>grey2</textcolor>
				<shadowcolor>shadow</shadowcolor>
				<align>center</align>
				<aligny>top</aligny>
				<textoffsety>-2</textoffsety>
				<label>$INFO[System.Time]$INFO[VideoPlayer.EndTime, / ]</label>
				<visible>VideoPlayer.Content(LiveTV)</visible>
			</control>
			<control type="label">
				<top>24</top>
				<left>1020</left>
				<width>900</width>
				<height>90</height>
				<font>font14_title</font>
				<textoffsetx>15</textoffsetx>
				<textcolor>grey2</textcolor>
				<shadowcolor>shadow</shadowcolor>
				<align>right</align>
				<aligny>top</aligny>
				<textoffsety>-2</textoffsety>
				<label>$VAR[OSDRightLabelVar]</label>
			</control>
			<control type="slider" id="401">
				<description>Seek Slider</description>
				<left>0</left>
				<top>0</top>
				<width>FullScreenWidth</width>
				<height>12</height>
				<texturesliderbar>seekslider2.png</texturesliderbar>
				<textureslidernib>osd_slider_nib.png</textureslidernib>
				<textureslidernibfocus>osd_slider_nib.png</textureslidernibfocus>
				<visible>Player.Seeking</visible>
			</control>
		</control>
		<control type="image">
			<left>1470</left>
			<top>780</top>
			<width>450</width>
			<height>254</height>
			<aspectratio aligny="bottom" align="right">keep</aspectratio>
			<texture background="true">$VAR[PlayerArtworkVar]</texture>
			<visible>Player.Paused | Window.IsActive(fullscreeninfo) | Window.IsActive(videoosd)</visible>
			<animation effect="slide" start="0,300" end="0,0" time="200">WindowOpen</animation>
			<animation effect="slide" start="0,300" end="0,0" time="200">VisibleChange</animation>
		</control>
		<control type="group">
			<left>867</left>
			<top>447</top>
			<visible>!VideoPlayer.Content(LiveTV) + [Player.Paused + !Window.IsActive(subtitlesearch)]</visible>
			<animation type="VisibleChange" reversible="false">
				<effect type="fade" start="0" end="100" time="500" />
			</animation>
			<animation type="WindowOpen" reversible="false">
				<effect type="fade" start="0" end="100" time="500" />
			</animation>
			<animation type="WindowClose" reversible="false">
				<effect type="fade" start="100" end="0" time="500" />
			</animation>
			
			<control type="image">
				<left>0</left>
				<top>0</top>
				<width>186</width>
				<height>186</height>
				<texture>osd/bg_play_large.png</texture>
			</control>
			<control type="image">
				<left>0</left>
				<top>0</top>
				<width>186</width>
				<height>186</height>
				<texture>osd/btn_pause.png</texture>
			</control>
		</control>
		<control type="grouplist">
			<left>30</left>
			<top>930</top>
			<width>748</width>
			<height>150</height>
			<itemgap>10</itemgap>
			<orientation>horizontal</orientation>
			<include>VisibleFadeEffect</include>
			<visible>Player.Forwarding | Player.Rewinding</visible>
			<usecontrolcoords>true</usecontrolcoords>
			<control type="image">
				<top>3</top>
				<width>90</width>
				<height>87</height>
				<aspectratio>keep</aspectratio>
				<texture flipx="true">osd/ff.png</texture>
				<colordiffuse>FFe5e5e5</colordiffuse>
				<animation effect="fade" start="100" end="60" time="800" pulse="true" condition="true">Conditional</animation>
				<visible>Player.Rewinding</visible>
			</control>
			<control type="label">
				<label>$VAR[VideoPlayerForwardRewindVar]</label>
				<width min="10" max="300">auto</width>
				<height>90</height>
				<textoffsetx>0</textoffsetx>
				<aligny>center</aligny>
				<font>font_MainMenu</font>
				<shadowcolor>44000000</shadowcolor>
				<textcolor>DDe5e5e5</textcolor>
			</control>
			<control type="image">
				<top>3</top>
				<width>90</width>
				<height>87</height>
				<aspectratio>keep</aspectratio>
				<texture>osd/ff.png</texture>
				<colordiffuse>FFe5e5e5</colordiffuse>
				<animation effect="fade" start="100" end="60" time="800" pulse="true" condition="true">Conditional</animation>
				<visible>Player.Forwarding</visible>
			</control>
		</control>
		<control type="group">
			<visible>VideoPlayer.Content(LiveTV) + !Window.IsVisible(pvrosdguide)</visible>
			<include condition="IsEmpty(Skin.String(LiveTV.InfobarType)) | StringCompare(Skin.String(LiveTV.InfobarType),2)">FullScreenInfoBarLiveTV</include>
            <include condition="StringCompare(Skin.String(LiveTV.InfobarType),1)">FullScreenInfoBarLiveTV_Compact</include>
        </control>
	</controls>
</window>