<?xml version="1.0" encoding="UTF-8"?>
<window>
	<defaultcontrol>3</defaultcontrol>
	<coordinates>
		<system>1</system>
		<left>122</left>
		<top>254</top>
	</coordinates>
	<include>dialogeffect</include>
	<controls>
		<control type="image">
			<description>background image</description>
			<width>1674</width>
			<height>600</height>
			<texture border="40">dialogs/default/bg.png</texture>
		</control>
		<control type="label">
			<description>header label</description>
			<left>30</left>
			<top>32</top>
			<width>1614</width>
			<height>40</height>
			<textoffsetx>15</textoffsetx>
			<align>center</align>
			<aligny>center</aligny>
			<textcolor>dialogheader</textcolor>
			<font>font15_title</font>
			<label>$LOCALIZE[35058]</label>
		</control>
		<!-- left group -->
		<control type="group">
			<left>31</left>
			<top>88</top>
			<control type="image">
				<left>-1</left>
				<top>-2</top>
				<width>312</width>
				<height>482</height>
				<texture border="5">dialogs/default/inner.png</texture>
			</control>
			<control type="grouplist" id="3">
				<description>Controller types grouplist</description>
				<left>0</left>
				<top>0</top>
				<width>310</width>
				<height>480</height>
				<itemgap>0</itemgap>
				<onleft>noop</onleft>
				<onright>5</onright>
				<onup>9</onup>
				<ondown>9</ondown>
				<scrolltime tween="cubic" easing="out">500</scrolltime>
			</control>
		</control>
		<!-- middle group 1 -->
		<control type="group">
			<left>357</left>
			<top>88</top>
			<control type="image">
				<left>-1</left>
				<top>-2</top>
				<width>612</width>
				<height>482</height>
				<texture border="5">dialogs/default/inner.png</texture>
			</control>
			<control type="gamecontroller" id="31">
				<left>65</left>
				<top>96</top>
				<width>480</width>
				<height>286</height>
			</control>
		</control>
		<!-- middle group 2 -->
		<control type="group">
			<left>983</left>
			<top>88</top>
			<control type="image">
				<left>0</left>
				<top>-2</top>
				<width>334</width>
				<height>482</height>
				<texture border="5">dialogs/default/inner.png</texture>
			</control>
			<control type="grouplist" id="5">
				<description>Feature types grouplist</description>
				<left>0</left>
				<top>0</top>
				<width>334</width>
				<height>480</height>
				<itemgap>0</itemgap>
				<pagecontrol>60</pagecontrol>
				<onleft>3</onleft>
				<onright>60</onright>
				<onup>2</onup>
				<ondown>9001</ondown>
				<scrolltime tween="cubic" easing="out">500</scrolltime>
			</control>
			<control type="scrollbar" id="60">
				<left>333</left>
				<top>0</top>
				<width>14</width>
				<height>480</height>
				<texturesliderbackground>-</texturesliderbackground>
				<texturesliderbar colordiffuse="55ffffff" border="1">scrollbar/texturesliderbar2.png</texturesliderbar>
				<texturesliderbarfocus border="1">scrollbar/texturesliderbar2.png</texturesliderbarfocus>
				<onleft>5</onleft>
				<onright>9001</onright>
				<showonepage>false</showonepage>
				<orientation>vertical</orientation>
			</control>
		</control>
		<!-- right group -->
		<control type="group">
			<left>1333</left>
			<top>88</top>
			<control type="image">
				<left>-1</left>
				<top>-2</top>
				<width>312</width>
				<height>482</height>
				<texture border="5">dialogs/default/inner.png</texture>
			</control>
			<control type="grouplist" id="9001">
				<top>0</top>
				<left>0</left>
				<width>310</width>
				<height>480</height>
				<onleft>5</onleft>
				<onright>noop</onright>
				<onup>9001</onup>
				<ondown>9001</ondown>
				<control type="button" id="18">
					<description>OK Button</description>
					<width>310</width>
					<label>186</label>
				</control>
				<control type="button" id="20">
					<description>Link to install more controllers</description>
					<width>310</width>
					<label>$LOCALIZE[21452]</label>
				</control>
			</control>
		</control>
		<control type="button" id="10">
			<description>Default controller types button</description>
			<height>60</height>
			<width>310</width>
			<align>right</align>
			<aligny>center</aligny>
			<font>font14</font>
			<textoffsetx>20</textoffsetx>
			<textcolor>grey2</textcolor>
		</control>
		<control type="button" id="7">
			<description>Default feature types button</description>
			<width>334</width>
			<height>60</height>
			<font>font14</font>
			<textcolor>grey2</textcolor>
			<focusedcolor>white</focusedcolor>
		</control>
	</controls>
</window>