<?xml version="1.0" encoding="UTF-8"?>
<window>
	<defaultcontrol always="true">9001</defaultcontrol>
	<coordinates>
		<system>1</system>
		<left>399</left>
		<top>165</top>
	</coordinates>
	<include>dialogeffect</include>
	<onunload>ClearProperty(Discography,musicinformation)</onunload>
	<controls>
		<control type="group">
			<control type="image">
				<description>background image</description>
				<left>0</left>
				<top>0</top>
				<width>1122</width>
				<height>750</height>
				<texture border="40">dialogs/default/bg.png</texture>
			</control>
			<control type="label" id="1">
				<description>header label</description>
				<left>30</left>
				<top>32</top>
				<width>1062</width>
				<height>40</height>
				<font>font14_title</font>
				<label>$VAR[MusicInfoHeader]</label>
				<align>center</align>
				<textcolor>dialogheader</textcolor>
			</control>
			<control type="image">
				<left>30</left>
				<top>86</top>
				<width>740</width>
				<height>632</height>
				<texture border="5">dialogs/default/inner.png</texture>
			</control>
			<control type="panel" id="9002">
				<left>31</left>
				<top>88</top>
				<width>738</width>
				<height>630</height>
				<onup>9002</onup>
				<ondown>9002</ondown>
				<onleft>9001</onleft>
				<onright>60</onright>
				<pagecontrol>60</pagecontrol>
				<scrolltime tween="quadratic" easing="out">200</scrolltime>
				<include>SettingsFadeEffect</include>
				<visible>String.IsEmpty(Window.Property(Discography))</visible>
				<itemlayout height="90" width="738">
					<control type="image">
						<top>30</top>
						<width>738</width>
						<height>60</height>
						<texture border="1">separator2.png</texture>
					</control>
					<control type="label">
						<top>45</top>
						<width>738</width>
						<height>30</height>
						<font>font14</font>
						<textcolor>grey</textcolor>
						<selectedcolor>selected</selectedcolor>
						<label>$INFO[ListItem.Label]</label>
						<textoffsetx>15</textoffsetx>
					</control>
					<control type="label">
						<top>0</top>
						<width>738</width>
						<height>45</height>
						<font>font14</font>
						<textcolor>labelheader</textcolor>
						<selectedcolor>selected</selectedcolor>
						<label>$INFO[ListItem.Label2]</label>
						<textoffsetx>15</textoffsetx>
					</control>
				</itemlayout>
				<focusedlayout height="90" width="738">
					<control type="image">
						<top>30</top>
						<width>738</width>
						<height>60</height>
						<texture border="1">separator2.png</texture>
					</control>
					<control type="image">
						<top>0</top>
						<width>738</width>
						<height>90</height>
						<texture border="4">listselect_fo.png</texture>
						<visible>Control.HasFocus(9002)</visible>
						<include>VisibleFadeEffect</include>
					</control>
					<control type="label">
						<top>45</top>
						<width>738</width>
						<height>30</height>
						<font>font14</font>
						<selectedcolor>selected</selectedcolor>
						<label>$INFO[ListItem.Label]</label>
						<animation effect="fade" start="100" end="70" time="300" tween="sine" easing="inout" condition="!Control.HasFocus(9002)">Conditional</animation>
						<textoffsetx>15</textoffsetx>
					</control>
					<control type="label">
						<top>0</top>
						<width>738</width>
						<height>45</height>
						<font>font14</font>
						<selectedcolor>selected</selectedcolor>
						<label>$INFO[ListItem.Label2]</label>
						<animation effect="fade" start="100" end="70" time="300" tween="sine" easing="inout" condition="!Control.HasFocus(9002)">Conditional</animation>
						<textoffsetx>15</textoffsetx>
					</control>
				</focusedlayout>
				<content>
					<item>
						<label>$INFO[ListItem.Title]</label>
						<label2>$LOCALIZE[369]:</label2>
						<onclick>SetProperty(TextViewerHeader,$LOCALIZE[369],Home)</onclick>
						<onclick>SetProperty(TextViewerContent,$ESCINFO[ListItem.Title],Home)</onclick>
						<onclick>ActivateWindow(1132)</onclick>
						<visible>!String.IsEmpty(ListItem.Title)</visible>
					</item>
					<item>
						<label>$INFO[ListItem.Artist]</label>
						<label2>$LOCALIZE[557]:</label2>
						<onclick>SetProperty(TextViewerHeader,$LOCALIZE[557],Home)</onclick>
						<onclick>SetProperty(TextViewerContent,$ESCINFO[ListItem.Artist],Home)</onclick>
						<onclick>ActivateWindow(1132)</onclick>
						<visible>!String.IsEmpty(ListItem.Artist)</visible>
					</item>
					<item>
						<label>$INFO[ListItem.AlbumArtist]</label>
						<label2>$LOCALIZE[566]:</label2>
						<onclick>SetProperty(TextViewerHeader,$LOCALIZE[566],Home)</onclick>
						<onclick>SetProperty(TextViewerContent,$ESCINFO[ListItem.AlbumArtist],Home)</onclick>
						<onclick>ActivateWindow(1132)</onclick>
						<visible>!String.IsEmpty(ListItem.AlbumArtist) + !String.IsEqual(ListItem.AlbumArtist,ListItem.Artist)</visible>
					</item>
					<item>
						<label>$INFO[ListItem.Album]$INFO[listitem.discnumber, - $LOCALIZE[427] ]</label>
						<label2>$LOCALIZE[558]:</label2>
						<onclick>SetProperty(TextViewerHeader,$LOCALIZE[558],Home)</onclick>
						<onclick>SetProperty(TextViewerContent,$ESCINFO[ListItem.Album]$INFO[listitem.discnumber, - $LOCALIZE[427] ],Home)</onclick>
						<onclick>ActivateWindow(1132)</onclick>
						<visible>!String.IsEmpty(ListItem.Album)</visible>
					</item>
					<item>
						<label>$INFO[ListItem.RatingAndVotes]</label>
						<label2>$LOCALIZE[563]:</label2>
						<onclick>SetProperty(TextViewerHeader,$LOCALIZE[563],Home)</onclick>
						<onclick>SetProperty(TextViewerContent,$ESCINFO[ListItem.RatingAndVotes],Home)</onclick>
						<onclick>ActivateWindow(1132)</onclick>
						<visible>!String.IsEmpty(ListItem.RatingAndVotes)</visible>
					</item>
					<item>
						<label>$INFO[ListItem.TrackNumber]</label>
						<label2>$LOCALIZE[554]:</label2>
						<onclick>SetProperty(TextViewerHeader,$LOCALIZE[554],Home)</onclick>
						<onclick>SetProperty(TextViewerContent,$ESCINFO[ListItem.TrackNumber],Home)</onclick>
						<onclick>ActivateWindow(1132)</onclick>
						<visible>!String.IsEmpty(ListItem.TrackNumber) + StringCompare(ListItem.DBType,song)</visible>
					</item>
					<item>
						<label>$INFO[ListItem.Duration]</label>
						<label2>$LOCALIZE[180]:</label2>
						<onclick>SetProperty(TextViewerHeader,$LOCALIZE[180],Home)</onclick>
						<onclick>SetProperty(TextViewerContent,$ESCINFO[ListItem.Duration],Home)</onclick>
						<onclick>ActivateWindow(1132)</onclick>
						<visible>!String.IsEmpty(ListItem.Duration)</visible>
					</item>
					<item>
						<label>$INFO[ListItem.Comment]</label>
						<label2>$LOCALIZE[21806]:</label2>
						<onclick>SetProperty(TextViewerHeader,$LOCALIZE[21806],Home)</onclick>
						<onclick>SetProperty(TextViewerContent,$ESCINFO[ListItem.Comment],Home)</onclick>
						<onclick>ActivateWindow(1132)</onclick>
						<visible>!String.IsEmpty(ListItem.Comment)</visible>
					</item>
					<item>
						<label>$INFO[ListItem.Property(Artist_Description)]</label>
						<label2>$LOCALIZE[21887]:</label2>
						<onclick>SetProperty(TextViewerHeader,$LOCALIZE[21887],Home)</onclick>
						<onclick>SetProperty(TextViewerContent,$ESCINFO[ListItem.Property(Artist_Description)],Home)</onclick>
						<onclick>ActivateWindow(1132)</onclick>
						<visible>!String.IsEmpty(ListItem.Property(Artist_Description))</visible>
					</item>
					<item>
						<label>$INFO[ListItem.Property(Album_Description)]</label>
						<label2>$LOCALIZE[31123]:</label2>
						<onclick>SetProperty(TextViewerHeader,$LOCALIZE[31123],Home)</onclick>
						<onclick>SetProperty(TextViewerContent,$ESCINFO[ListItem.Property(Album_Description)],Home)</onclick>
						<onclick>ActivateWindow(1132)</onclick>
						<visible>!String.IsEmpty(ListItem.Property(Album_Description))</visible>
					</item>
					<item>
						<label>$INFO[ListItem.Property(Artist_Born)]</label>
						<label2>$LOCALIZE[21893]:</label2>
						<onclick>SetProperty(TextViewerHeader,$LOCALIZE[21893],Home)</onclick>
						<onclick>SetProperty(TextViewerContent,$ESCINFO[ListItem.Property(Artist_Born)],Home)</onclick>
						<onclick>ActivateWindow(1132)</onclick>
						<visible>!String.IsEmpty(ListItem.Property(Artist_Born))</visible>
					</item>
					<item>
						<label>$INFO[ListItem.Property(Artist_Died)]</label>
						<label2>$LOCALIZE[21897]:</label2>
						<onclick>SetProperty(TextViewerHeader,$LOCALIZE[21897],Home)</onclick>
						<onclick>SetProperty(TextViewerContent,$ESCINFO[ListItem.Property(Artist_Died)],Home)</onclick>
						<onclick>ActivateWindow(1132)</onclick>
						<visible>!String.IsEmpty(ListItem.Property(Artist_Died))</visible>
					</item>
					<item>
						<label>$INFO[ListItem.Property(Artist_Formed)]</label>
						<label2>$LOCALIZE[21894]:</label2>
						<onclick>SetProperty(TextViewerHeader,$LOCALIZE[21894],Home)</onclick>
						<onclick>SetProperty(TextViewerContent,$ESCINFO[ListItem.Property(Artist_Formed)],Home)</onclick>
						<onclick>ActivateWindow(1132)</onclick>
						<visible>!String.IsEmpty(ListItem.Property(Artist_Formed))</visible>
					</item>
					<item>
						<label>$INFO[ListItem.Property(Artist_Disbanded)]</label>
						<label2>$LOCALIZE[21896]:</label2>
						<onclick>SetProperty(TextViewerHeader,$LOCALIZE[21896],Home)</onclick>
						<onclick>SetProperty(TextViewerContent,$ESCINFO[ListItem.Property(Artist_Disbanded)],Home)</onclick>
						<onclick>ActivateWindow(1132)</onclick>
						<visible>!String.IsEmpty(ListItem.Property(Artist_Disbanded))</visible>
					</item>
					<item>
						<label>$INFO[ListItem.Property(Artist_YearsActive)]</label>
						<label2>$LOCALIZE[21898]:</label2>
						<onclick>SetProperty(TextViewerHeader,$LOCALIZE[21898],Home)</onclick>
						<onclick>SetProperty(TextViewerContent,$ESCINFO[ListItem.Property(Artist_YearsActive)],Home)</onclick>
						<onclick>ActivateWindow(1132)</onclick>
						<visible>!String.IsEmpty(ListItem.Property(Artist_YearsActive))</visible>
					</item>
					<item>
						<label>$INFO[ListItem.Property(Artist_Instrument)]</label>
						<label2>$LOCALIZE[21892]:</label2>
						<onclick>SetProperty(TextViewerHeader,$LOCALIZE[21892],Home)</onclick>
						<onclick>SetProperty(TextViewerContent,$ESCINFO[ListItem.Property(Artist_Instrument)],Home)</onclick>
						<onclick>ActivateWindow(1132)</onclick>
						<visible>!String.IsEmpty(ListItem.Property(Artist_Instrument))</visible>
					</item>
					<item>
						<label>$INFO[ListItem.Property(Artist_Mood)]</label>
						<label2>$LOCALIZE[175]:</label2>
						<onclick>SetProperty(TextViewerHeader,$LOCALIZE[175],Home)</onclick>
						<onclick>SetProperty(TextViewerContent,$ESCINFO[ListItem.Property(Artist_Mood)],Home)</onclick>
						<onclick>ActivateWindow(1132)</onclick>
						<visible>!String.IsEmpty(ListItem.Property(Artist_Mood))</visible>
					</item>
					<item>
						<label>$INFO[ListItem.Property(Artist_Style)]</label>
						<label2>$LOCALIZE[176]:</label2>
						<onclick>SetProperty(TextViewerHeader,$LOCALIZE[175],Home)</onclick>
						<onclick>SetProperty(TextViewerContent,$ESCINFO[ListItem.Property(Artist_Style)],Home)</onclick>
						<onclick>ActivateWindow(1132)</onclick>
						<visible>!String.IsEmpty(ListItem.Property(Artist_Style))</visible>
					</item>
					<item>
						<label>$INFO[ListItem.Property(Album_Mood)]</label>
						<label2>$LOCALIZE[175]:</label2>
						<onclick>SetProperty(TextViewerHeader,$LOCALIZE[175],Home)</onclick>
						<onclick>SetProperty(TextViewerContent,$ESCINFO[ListItem.Property(Album_Mood)],Home)</onclick>
						<onclick>ActivateWindow(1132)</onclick>
						<visible>!String.IsEmpty(ListItem.Property(Album_Mood))</visible>
					</item>
					<item>
						<label>$INFO[ListItem.Property(Album_Style)]</label>
						<label2>$LOCALIZE[176]:</label2>
						<onclick>SetProperty(TextViewerHeader,$LOCALIZE[176],Home)</onclick>
						<onclick>SetProperty(TextViewerContent,$ESCINFO[ListItem.Property(Album_Style)],Home)</onclick>
						<onclick>ActivateWindow(1132)</onclick>
						<visible>!String.IsEmpty(ListItem.Property(Album_Style))</visible>
					</item>
					<item>
						<label>$INFO[ListItem.Property(Album_Theme)]</label>
						<label2>$LOCALIZE[21895]:</label2>
						<onclick>SetProperty(TextViewerHeader,$LOCALIZE[21895],Home)</onclick>
						<onclick>SetProperty(TextViewerContent,$ESCINFO[ListItem.Property(Album_Theme)],Home)</onclick>
						<onclick>ActivateWindow(1132)</onclick>
						<visible>!String.IsEmpty(ListItem.Property(Album_Theme))</visible>
					</item>
					<item>
						<label>$INFO[ListItem.Property(Album_Type)]</label>
						<label2>$LOCALIZE[467]:</label2>
						<onclick>SetProperty(TextViewerHeader,$LOCALIZE[467],Home)</onclick>
						<onclick>SetProperty(TextViewerContent,$ESCINFO[ListItem.Property(Album_Type)],Home)</onclick>
						<onclick>ActivateWindow(1132)</onclick>
						<visible>!String.IsEmpty(ListItem.Property(Album_Type))</visible>
					</item>
					<item>
						<label>$INFO[ListItem.Property(Album_Label)]</label>
						<label2>$LOCALIZE[21899]:</label2>
						<onclick>SetProperty(TextViewerHeader,$LOCALIZE[21899],Home)</onclick>
						<onclick>SetProperty(TextViewerContent,$ESCINFO[ListItem.Property(Album_Label)],Home)</onclick>
						<onclick>ActivateWindow(1132)</onclick>
						<visible>!String.IsEmpty(ListItem.Property(Album_Label))</visible>
					</item>
					<item>
						<label>$INFO[ListItem.Genre]</label>
						<label2>$LOCALIZE[515]:</label2>
						<onclick>SetProperty(TextViewerHeader,$LOCALIZE[515],Home)</onclick>
						<onclick>SetProperty(TextViewerContent,$ESCINFO[ListItem.Genre],Home)</onclick>
						<onclick>ActivateWindow(1132)</onclick>
						<visible>!String.IsEmpty(ListItem.Genre)</visible>
					</item>
					<item>
						<label>$INFO[ListItem.Year]</label>
						<label2>$LOCALIZE[562]:</label2>
						<onclick>SetProperty(TextViewerHeader,$LOCALIZE[562],Home)</onclick>
						<onclick>SetProperty(TextViewerContent,$ESCINFO[ListItem.Year],Home)</onclick>
						<onclick>ActivateWindow(1132)</onclick>
						<visible>!String.IsEmpty(ListItem.Year)</visible>
					</item>
					<item>
						<label>$INFO[ListItem.DateAdded]</label>
						<label2>$LOCALIZE[570]:</label2>
						<onclick>SetProperty(TextViewerHeader,$LOCALIZE[570],Home)</onclick>
						<onclick>SetProperty(TextViewerContent,$ESCINFO[ListItem.DateAdded],Home)</onclick>
						<onclick>ActivateWindow(1132)</onclick>
						<visible>!String.IsEmpty(ListItem.DateAdded)</visible>
					</item>
					<item>
						<label>$INFO[ListItem.Path]</label>
						<label2>$LOCALIZE[573]:</label2>
						<onclick>SetProperty(TextViewerHeader,$LOCALIZE[573],Home)</onclick>
						<onclick>SetProperty(TextViewerContent,$ESCINFO[ListItem.Path],Home)</onclick>
						<onclick>ActivateWindow(1132)</onclick>
						<visible>!String.IsEmpty(ListItem.Path)</visible>
					</item>
					<item>
						<label>$INFO[ListItem.Filename]</label>
						<label2>$LOCALIZE[21800]:</label2>
						<onclick>SetProperty(TextViewerHeader,$LOCALIZE[573],Home)</onclick>
						<onclick>SetProperty(TextViewerContent,$ESCINFO[ListItem.Path],Home)</onclick>
						<onclick>ActivateWindow(1132)</onclick>
						<visible>!String.IsEmpty(ListItem.Filename)</visible>
					</item>
					<item>
						<label>$INFO[ListItem.PlayCount]</label>
						<label2>$LOCALIZE[567]:</label2>
						<onclick>SetProperty(TextViewerHeader,$LOCALIZE[567],Home)</onclick>
						<onclick>SetProperty(TextViewerContent,$ESCINFO[ListItem.PlayCount],Home)</onclick>
						<onclick>ActivateWindow(1132)</onclick>
						<visible>!String.IsEmpty(ListItem.PlayCount)</visible>
					</item>
					<item>
						<label>$INFO[ListItem.LastPlayed]</label>
						<label2>$LOCALIZE[568]:</label2>
						<onclick>SetProperty(TextViewerHeader,$LOCALIZE[568],Home)</onclick>
						<onclick>SetProperty(TextViewerContent,$ESCINFO[ListItem.LastPlayed],Home)</onclick>
						<onclick>ActivateWindow(1132)</onclick>
						<visible>!String.IsEmpty(ListItem.LastPlayed)</visible>
					</item>
					<item>
						<label>$INFO[ListItem.Property(Role.Composer)]</label>
						<label2>$LOCALIZE[29903]:</label2>
						<onclick>SetProperty(TextViewerHeader,$LOCALIZE[29903],Home)</onclick>
						<onclick>SetProperty(TextViewerContent,$ESCINFO[ListItem.Property(Role.Composer)],Home)</onclick>
						<onclick>ActivateWindow(1132)</onclick>
						<visible>!String.IsEmpty(ListItem.Property(Role.Composer))</visible>
					</item>
					<item>
						<label>$INFO[ListItem.Property(Role.Conductor)]</label>
						<label2>$LOCALIZE[29905]:</label2>
						<onclick>SetProperty(TextViewerHeader,$LOCALIZE[29905],Home)</onclick>
						<onclick>SetProperty(TextViewerContent,$ESCINFO[ListItem.Property(Role.Composer)],Home)</onclick>
						<onclick>ActivateWindow(1132)</onclick>
						<visible>!String.IsEmpty(ListItem.Property(Role.Conductor))</visible>
					</item>
					<item>
						<label>$INFO[ListItem.Property(Role.Orchestra)]</label>
						<label2>$LOCALIZE[38034]:</label2>
						<onclick>SetProperty(TextViewerHeader,$LOCALIZE[38034],Home)</onclick>
						<onclick>SetProperty(TextViewerContent,$ESCINFO[ListItem.Property(Role.Orchestra)],Home)</onclick>
						<onclick>ActivateWindow(1132)</onclick>
						<visible>!String.IsEmpty(ListItem.Property(Role.Orchestra))</visible>
					</item>
					<item>
						<label>$INFO[ListItem.Property(Role.Lyricist)]</label>
						<label2>$LOCALIZE[38035]:</label2>
						<onclick>SetProperty(TextViewerHeader,$LOCALIZE[29903],Home)</onclick>
						<onclick>SetProperty(TextViewerContent,$ESCINFO[ListItem.Property(Role.Composer)],Home)</onclick>
						<onclick>ActivateWindow(1132)</onclick>
						<visible>!String.IsEmpty(ListItem.Property(Role.Lyricist))</visible>
					</item>
					<item>
						<label>$INFO[ListItem.Property(Role.Remixer)]</label>
						<label2>$LOCALIZE[38036]:</label2>
						<onclick>SetProperty(TextViewerHeader,$LOCALIZE[38036],Home)</onclick>
						<onclick>SetProperty(TextViewerContent,$ESCINFO[ListItem.Property(Role.Composer)],Home)</onclick>
						<onclick>ActivateWindow(1132)</onclick>
						<visible>!String.IsEmpty(ListItem.Property(Role.Remixer))</visible>
					</item>
					<item>
						<label>$INFO[ListItem.Property(Role.Arranger)]</label>
						<label2>$LOCALIZE[38037]:</label2>
						<onclick>SetProperty(TextViewerHeader,$LOCALIZE[38037],Home)</onclick>
						<onclick>SetProperty(TextViewerContent,$ESCINFO[ListItem.Property(Role.Composer)],Home)</onclick>
						<onclick>ActivateWindow(1132)</onclick>
						<visible>!String.IsEmpty(ListItem.Property(Role.Arranger))</visible>
					</item>
					<item>
						<label>$INFO[ListItem.Property(Role.Engineer)]</label>
						<label2>$LOCALIZE[38038]:</label2>
						<onclick>SetProperty(TextViewerHeader,$LOCALIZE[38038],Home)</onclick>
						<onclick>SetProperty(TextViewerContent,$ESCINFO[ListItem.Property(Role.Engineer)],Home)</onclick>
						<onclick>ActivateWindow(1132)</onclick>
						<visible>!String.IsEmpty(ListItem.Property(Role.Engineer))</visible>
					</item>
					<item>
						<label>$INFO[ListItem.Property(Role.Producer)]</label>
						<label2>$LOCALIZE[38039]:</label2>
						<onclick>SetProperty(TextViewerHeader,$LOCALIZE[38039],Home)</onclick>
						<onclick>SetProperty(TextViewerContent,$ESCINFO[ListItem.Property(Role.Producer)],Home)</onclick>
						<onclick>ActivateWindow(1132)</onclick>
						<visible>!String.IsEmpty(ListItem.Property(Role.Producer))</visible>
					</item>
					<item>
						<label>$INFO[ListItem.Property(Role.DJMixer)]</label>
						<label2>$LOCALIZE[38040]:</label2>
						<onclick>SetProperty(TextViewerHeader,$LOCALIZE[38040],Home)</onclick>
						<onclick>SetProperty(TextViewerContent,$ESCINFO[ListItem.Property(Role.DJMixer)],Home)</onclick>
						<onclick>ActivateWindow(1132)</onclick>
						<visible>!String.IsEmpty(ListItem.Property(Role.DJMixer))</visible>
					</item>
					<item>
						<label>$INFO[ListItem.Property(Role.Mixer)]</label>
						<label2>$LOCALIZE[38041]:</label2>
						<onclick>SetProperty(TextViewerHeader,$LOCALIZE[38041],Home)</onclick>
						<onclick>SetProperty(TextViewerContent,$ESCINFO[ListItem.Property(Role.Composer)],Home)</onclick>
						<onclick>ActivateWindow(1132)</onclick>
						<visible>!String.IsEmpty(ListItem.Property(Role.Mixer))</visible>
					</item>
				</content>
			</control>
			<control type="panel" id="50">
				<left>31</left>
				<top>88</top>
				<width>738</width>
				<height>630</height>
				<onup>50</onup>
				<ondown>50</ondown>
				<onleft>9001</onleft>
				<onright>60</onright>
				<pagecontrol>60</pagecontrol>
				<include>SettingsFadeEffect</include>
				<visible>!String.IsEmpty(Window.Property(Discography))</visible>
				<scrolltime tween="quadratic" easing="out">200</scrolltime>
				<itemlayout height="90" width="738">
					<control type="image">
						<top>30</top>
						<width>738</width>
						<height>60</height>
						<texture border="1">separator2.png</texture>
					</control>
					<control type="label">
						<top>45</top>
						<width>738</width>
						<height>38</height>
						<font>font14</font>
						<textcolor>grey</textcolor>
						<selectedcolor>selected</selectedcolor>
						<label>$INFO[ListItem.Label]</label>
						<textoffsetx>15</textoffsetx>
					</control>
					<control type="label">
						<top>0</top>
						<width>738</width>
						<height>45</height>
						<font>font14</font>
						<textcolor>labelheader</textcolor>
						<selectedcolor>selected</selectedcolor>
						<label>$INFO[ListItem.Label2]</label>
						<textoffsetx>15</textoffsetx>
					</control>
				</itemlayout>
				<focusedlayout height="90" width="738">
					<control type="image">
						<top>30</top>
						<width>738</width>
						<height>60</height>
						<texture border="1">separator2.png</texture>
					</control>
					<control type="image">
						<top>0</top>
						<width>738</width>
						<height>90</height>
						<texture border="4">listselect_fo.png</texture>
					</control>
					<control type="label">
						<top>45</top>
						<width>738</width>
						<height>38</height>
						<font>font14</font>
						<textcolor>white</textcolor>
						<selectedcolor>selected</selectedcolor>
						<label>$INFO[ListItem.Label]</label>
						<animation effect="fade" start="100" end="70" time="300" tween="sine" easing="inout" condition="!Control.HasFocus(50)">Conditional</animation>
						<textoffsetx>15</textoffsetx>
					</control>
					<control type="label">
						<top>0</top>
						<width>738</width>
						<height>45</height>
						<font>font14</font>
						<textcolor>white</textcolor>
						<selectedcolor>selected</selectedcolor>
						<label>$INFO[ListItem.Label2]</label>
						<animation effect="fade" start="100" end="70" time="300" tween="sine" easing="inout" condition="!Control.HasFocus(50)">Conditional</animation>
						<textoffsetx>15</textoffsetx>
					</control>
				</focusedlayout>
			</control>
			<control type="scrollbar" id="60">
				<left>770</left>
				<top>88</top>
				<height>630</height>
				<width>14</width>
				<onleft condition="String.IsEmpty(Window(musicinformation).Property(Discography))">9002</onleft>
				<onleft condition="!String.IsEmpty(Window(musicinformation).Property(Discography))">50</onleft>
				<onright>9001</onright>
				<ondown>60</ondown>
				<onup>60</onup>
				<showonepage>false</showonepage>
				<texturesliderbackground>-</texturesliderbackground>
				<texturesliderbar colordiffuse="55ffffff" border="4">scrollbar/texturesliderbar3.png</texturesliderbar>
				<texturesliderbarfocus border="4">scrollbar/texturesliderbar3.png</texturesliderbarfocus>
				<animation effect="slide" start="0" end="157" time="0" tween="quadratic" condition="Control.IsVisible(3) + !Control.IsVisible(5)">Conditional</animation>
			</control>
			<!-- right group -->
			<control type="group">
				<left>782</left>
				<top>88</top>
				<control type="image">
					<left>-1</left>
					<top>-2</top>
					<width>312</width>
					<height>632</height>
					<texture border="5">dialogs/default/inner.png</texture>
				</control>
				<control type="image">
					<width>310</width>
					<height>310</height>
					<aspectratio aligny="top">keep</aspectratio>
					<texture background="true">$INFO[ListItem.Icon]</texture>
					<bordertexture border="5">dialogs/default/inner.png</bordertexture>
					<bordersize>1</bordersize>
				</control>
				<control type="grouplist" id="9001">
					<top>320</top>
					<height>310</height>
					<onup>9001</onup>
					<onleft condition="String.IsEmpty(Window(musicinformation).Property(Discography))">9002</onleft>
					<onleft condition="!String.IsEmpty(Window(musicinformation).Property(Discography))">50</onleft>
					<onright>9001</onright>
					<ondown>9001</ondown>
					<control type="image" id="200">
						<description>Rating value</description>
						<width>310</width>
						<height>60</height>
						<aspectratio aligny="top">keep</aspectratio>
						<colordiffuse>grey2</colordiffuse>
						<visible>String.IsEmpty(ListItem.UserRating) + !StringCompare(ListItem.DBType,artist)</visible>
						<texture>flags/rating/0.png</texture>
					</control>
					<control type="image" id="201">
						<description>Rating value</description>
						<width>310</width>
						<height>60</height>
						<aspectratio aligny="top">keep</aspectratio>
						<colordiffuse>grey2</colordiffuse>
						<visible>!String.IsEmpty(ListItem.UserRating) + !StringCompare(ListItem.DBType,artist)</visible>
						<texture colordiffuse="themecolor">$INFO[ListItem.UserRating,flags/rating/,.png]</texture>
					</control>
					<control type="label" id="203">
						<description>Rating value</description>
						<width>310</width>
						<height>10</height>
						<label />
					</control>
					<control type="togglebutton" id="202">
						<description>Discography button</description>
						<width>310</width>
						<label>$LOCALIZE[21888]</label>
						<altlabel>$LOCALIZE[29915]</altlabel>
						<onclick>SetProperty(Discography,True,musicinformation)</onclick>
						<altclick>ClearProperty(Discography,musicinformation)</altclick>
						<usealttexture>!String.IsEmpty(Window(musicinformation).Property(Discography))</usealttexture>
						<visible>StringCompare(ListItem.DBType,artist)</visible>
					</control>
					<control type="button" id="7">
						<description>Set my rating</description>
						<label>38023</label>
						<width>310</width>
						<label>222</label>
					</control>
					<control type="button" id="12">
						<description>Get Fanart / Album Info button</description>
						<width>310</width>
						<label>10523</label>
					</control>
					<control type="button" id="10">
						<description>Get Thumb button</description>
						<width>310</width>
						<label>13405</label>
						<enable>!Skin.HasSetting(KioskMode.Enabled)</enable>
					</control>
					<control type="button" id="6">
						<description>Refresh</description>
						<width>310</width>
						<label>$LOCALIZE[184]</label>
						<enable>!Skin.HasSetting(KioskMode.Enabled)</enable>
					</control>
					<control type="button" id="207">
						<description>Extras</description>
						<width>310</width>
						<label>$LOCALIZE[31014]</label>
						<onclick>ActivateWindow(1119)</onclick>
						<enable>!Skin.HasSetting(KioskMode.Enabled)</enable>
					</control>
				</control>
			</control>
		</control>
	</controls>
</window>