<?xml version="1.0" encoding="UTF-8"?>
<window type="dialog">
	<defaultcontrol always="true">9000</defaultcontrol>
	<coordinates>
		<system>1</system>
		<left>457</left>
		<top>240</top>
	</coordinates>
	<include>dialogeffect</include>
	<controls>
		<control type="group">
			<control type="image">
				<left>157</left>
				<top>0</top>
				<width>692</width>
				<height>600</height>
				<texture border="40">dialogs/default/bg.png</texture>
				<visible>Control.IsVisible(3) + ![Control.IsVisible(5) | Control.IsVisible(7)]</visible>
			</control>
			<control type="image">
				<left>0</left>
				<top>0</top>
				<width>1006</width>
				<height>600</height>
				<texture border="40">dialogs/default/bg.png</texture>
				<visible>[Control.IsVisible(5) | Control.IsVisible(7)] | Control.isVisible(6)</visible>
			</control>
			<control type="image">
				<left>30</left>
				<top>86</top>
				<width>632</width>
				<height>482</height>
				<texture border="5">dialogs/default/inner.png</texture>
				<animation effect="slide" start="0" end="157" time="0" tween="quadratic" condition="Control.IsVisible(3) + ![Control.IsVisible(5) | Control.IsVisible(7)]">Conditional</animation>
			</control>
			<control type="label" id="1">
				<left>30</left>
				<top>32</top>
				<width>940</width>
				<height>40</height>
				<font>font15_title</font>
				<label>$LOCALIZE[13406]</label>
				<align>center</align>
				<textcolor>dialogheader</textcolor>
			</control>
			<control type="group">
				<left>676</left>
				<top>86</top>
				<control type="image">
					<left>0</left>
					<top>0</top>
					<width>300</width>
					<height>332</height>
					<aspectratio aligny="top">keep</aspectratio>
					<texture>$INFO[Container(6).ListItem.Icon]</texture>
					<bordertexture border="5">dialogs/default/inner.png</bordertexture>
					<bordersize>1</bordersize>
					<visible>Control.IsVisible(6)</visible>
				</control>
			</control>
			<control type="group" id="9000">
				<control type="list" id="3">
					<left>32</left>
					<top>88</top>
					<width>630</width>
					<height>480</height>
					<onup>3</onup>
					<ondown>3</ondown>
					<onleft>5</onleft>
					<onright>60</onright>
					<pagecontrol>60</pagecontrol>
					<scrolltime tween="quadratic" easing="out">200</scrolltime>
					<animation effect="slide" start="0" end="157" time="0" tween="quadratic" condition="![Control.IsVisible(5) | Control.IsVisible(7)]">Conditional</animation>
					<itemlayout height="60" width="630">
						<control type="image">
							<width>630</width>
							<height>60</height>
							<texture border="1">separator2.png</texture>
						</control>
						<control type="label">
							<width>630</width>
							<height>60</height>
							<textoffsetx>15</textoffsetx>
							<font>font14</font>
							<textcolor>grey2</textcolor>
							<selectedcolor>selected</selectedcolor>
							<align>left</align>
							<aligny>center</aligny>
							<label>$INFO[ListItem.Label]</label>
						</control>
						<control type="label">
							<width>630</width>
							<height>60</height>
							<textoffsetx>15</textoffsetx>
							<font>font14</font>
							<textcolor>grey2</textcolor>
							<selectedcolor>selected</selectedcolor>
							<align>right</align>
							<aligny>center</aligny>
							<label>$INFO[ListItem.Label2]</label>
						</control>
					</itemlayout>
					<focusedlayout height="60" width="630">
						<control type="image">
							<width>630</width>
							<height>60</height>
							<texture border="1">separator2.png</texture>
							<include>VisibleFadeEffect</include>
						</control>
						<control type="image">
							<width>630</width>
							<height>60</height>
							<texture border="5">listselect_fo.png</texture>
							<visible>Control.HasFocus(3)</visible>
							<include>VisibleFadeEffect</include>
						</control>
						<control type="label">
							<width>630</width>
							<height>60</height>
							<textoffsetx>15</textoffsetx>
							<font>font14</font>
							<textcolor>white</textcolor>
							<selectedcolor>selected</selectedcolor>
							<scroll>true</scroll>
							<align>left</align>
							<aligny>center</aligny>
							<label>$INFO[ListItem.Label]</label>
							<animation effect="fade" start="100" end="70" time="300" tween="sine" easing="inout" condition="!Control.HasFocus(3)">Conditional</animation>
						</control>
						<control type="label">
							<width>630</width>
							<height>60</height>
							<textoffsetx>15</textoffsetx>
							<font>font14</font>
							<textcolor>white</textcolor>
							<selectedcolor>selected</selectedcolor>
							<align>right</align>
							<aligny>center</aligny>
							<label>$INFO[ListItem.Label2]</label>
							<animation effect="fade" start="100" end="70" time="300" tween="sine" easing="inout" condition="!Control.HasFocus(3)">Conditional</animation>
						</control>
					</focusedlayout>
				</control>
				<control type="list" id="6">
					<left>32</left>
					<top>88</top>
					<width>630</width>
					<height>480</height>
					<onup>6</onup>
					<ondown>6</ondown>
					<onleft>9001</onleft>
					<onright>60</onright>
					<pagecontrol>60</pagecontrol>
					<scrolltime tween="quadratic" easing="out">200</scrolltime>
					<itemlayout height="60" width="641">
						<control type="image">
							<left>1</left>
							<width>630</width>
							<height>60</height>
							<texture border="1">separator2.png</texture>
						</control>
						<control type="label">
							<width>630</width>
							<height>60</height>
							<font>font14</font>
							<textoffsetx>15</textoffsetx>
							<textcolor>grey2</textcolor>
							<selectedcolor>selected</selectedcolor>
							<align>left</align>
							<aligny>center</aligny>
							<label>$INFO[ListItem.Label]</label>
						</control>
						<control type="label">
							<width>630</width>
							<height>60</height>
							<font>font14</font>
							<textoffsetx>15</textoffsetx>
							<textcolor>grey2</textcolor>
							<selectedcolor>selected</selectedcolor>
							<align>right</align>
							<label>$VAR[DialogSelectLabel2Var]</label>
						</control>
					</itemlayout>
					<focusedlayout height="60" width="641">
						<control type="image">
							<left>1</left>
							<width>630</width>
							<height>60</height>
							<texture border="1">separator2.png</texture>
						</control>
						<control type="image">
							<left>1</left>
							<width>630</width>
							<height>60</height>
							<texture border="5">listselect_fo.png</texture>
							<visible>Control.HasFocus(6)</visible>
							<include>VisibleFadeEffect</include>
						</control>
						<control type="label">
							<width>630</width>
							<height>60</height>
							<font>font14</font>
							<textoffsetx>15</textoffsetx>
							<textcolor>white</textcolor>
							<selectedcolor>selected</selectedcolor>
							<align>left</align>
							<aligny>center</aligny>
							<label>$INFO[ListItem.Label]</label>
							<animation effect="fade" start="100" end="70" time="300" tween="sine" easing="inout" condition="!Control.HasFocus(6)">Conditional</animation>
						</control>
						<control type="label">
							<width>630</width>
							<height>60</height>
							<font>font14</font>
							<textoffsetx>15</textoffsetx>
							<textcolor>white</textcolor>
							<selectedcolor>selected</selectedcolor>
							<align>right</align>
							<label>$VAR[DialogSelectLabel2Var]</label>
							<animation effect="fade" start="100" end="70" time="300" tween="sine" easing="inout" condition="!Control.HasFocus(6)">Conditional</animation>
						</control>
					</focusedlayout>
				</control>
			</control>
			<control type="grouplist" id="9001">
				<left>676</left>
				<top>434</top>
				<height>134</height>
				<onleft>60</onleft>
				<onright>3</onright>
				<ondown>9001</ondown>
				<onup>9001</onup>
				<itemgap>14</itemgap>
				<control type="button" id="5">
					<description>Manual button</description>
					<width>300</width>
					<label>186</label>
					<texturefocus border="5">button_fo.png</texturefocus>
					<texturenofocus border="5">dialogs/default/inner.png</texturenofocus>
				</control>
				<control type="button" id="7">
					<description>Cancel button</description>
					<width>300</width>
					<label>-</label>
					<texturefocus border="5">button_fo.png</texturefocus>
					<texturenofocus border="5">dialogs/default/inner.png</texturenofocus>
				</control>
			</control>
			<control type="scrollbar" id="60">
				<left>662</left>
				<top>88</top>
				<height>480</height>
				<width>14</width>
				<onleft>6</onleft>
				<onright>9001</onright>
				<ondown>60</ondown>
				<onup>60</onup>
				<showonepage>false</showonepage>
				<texturesliderbackground>-</texturesliderbackground>
				<texturesliderbar colordiffuse="55ffffff" border="4">scrollbar/texturesliderbar3.png</texturesliderbar>
				<texturesliderbarfocus border="4">scrollbar/texturesliderbar3.png</texturesliderbarfocus>
				<animation effect="slide" start="0" end="157" time="0" tween="quadratic" condition="Control.IsVisible(3) + ![Control.IsVisible(5) | Control.IsVisible(7)]">Conditional</animation>
			</control>
		</control>
		<control type="label" id="4">
			<width>692</width>
			<height>600</height>
			<align>center</align>
			<aligny>center</aligny>
			<font>font14</font>
		</control>
	</controls>
</window>