<?xml version="1.0" encoding="UTF-8"?>
<includes>
	<include name="EpgTimelineStandard">
		<control type="group">
			<description>TV Guide Timeline</description>
			<include>VisibleFadeEffect</include>
			<include>Window_OpenClose_Animation</include>
			<top>128</top>
			<include>SystemCenterPanel</include>
			<control type="epggrid" id="10">
				<description>EPG Grid</description>
				<left>82</left>
				<top>32</top>
				<width>1750</width>
				<height>585</height>
				<pagecontrol>10</pagecontrol>
				<scrolltime tween="quadratic" easing="out">200</scrolltime>
				<timeblocks>20</timeblocks>
				<progresstexture border="0,20,18,14">new_pvr/PVR-EpgProgressIndicator.png</progresstexture>
				<rulerunit>6</rulerunit>
				<onleft>10</onleft>
				<onright>10</onright>
				<onup>10</onup>
				<ondown>10</ondown>
				<onback>SetProperty(MediaMenu,True,home)</onback>
				<onback>28</onback>
				<viewtype label="19032">list</viewtype>
				<rulerlayout height="45" width="60">
					<control type="label" id="2">
						<width>60</width>
						<height>45</height>
						<font>font13</font>
						<aligny>center</aligny>
						<textcolor>labelheader</textcolor>
						<textoffsetx>5</textoffsetx>
						<selectedcolor>selected</selectedcolor>
						<align>left</align>
						<label>$INFO[ListItem.Label]</label>
					</control>
					<control type="image">
						<width>393</width>
						<height>45</height>
						<texture border="1">separator2.png</texture>
						<visible>false</visible>
					</control>
				</rulerlayout>
				<channellayout height="60" width="440">
					<control type="image">
						<posy>1</posy>
						<width>440</width>
						<height>60</height>
						<texture border="1">separator2.png</texture>
					</control>
					<control type="label">
						<width>60</width>
						<height>60</height>
						<font>font15</font>
						<align>center</align>
						<textcolor>grey2</textcolor>
						<selectedcolor>selected</selectedcolor>
						<label>[B]$INFO[ListItem.ChannelNumber][/B]</label>
					</control>
					<control type="label">
						<posx>60</posx>
						<width>400</width>
						<height>60</height>
						<font>font15</font>
						<textoffsetx>15</textoffsetx>
						<textcolor>grey2</textcolor>
						<selectedcolor>selected</selectedcolor>
						<label>$INFO[ListItem.ChannelName]</label>
						<visible>String.IsEmpty(ListItem.Icon) | String.IsEmpty(Skin.String(LiveTV.EpgViewChannels))</visible>
					</control>
					<control type="label">
						<posx>138</posx>
						<width>300</width>
						<height>60</height>
						<font>font15</font>
						<textoffsetx>15</textoffsetx>
						<textcolor>grey2</textcolor>
						<selectedcolor>selected</selectedcolor>
						<label>$INFO[ListItem.ChannelName]</label>
						<visible>String.IsEqual(Skin.String(LiveTV.EpgViewChannels),2) + !String.IsEmpty(ListItem.Icon)</visible>
					</control>
					<control type="image">
						<posx>70</posx>
						<posy>2</posy>
						<width>65</width>
						<height>56</height>
						<aspectratio align="left">keep</aspectratio>
						<fadetime>400</fadetime>
						<texture background="true">$INFO[ListItem.Icon]</texture>
						<visible>String.IsEqual(Skin.String(LiveTV.EpgViewChannels),2) + !String.IsEmpty(ListItem.Icon)</visible>
					</control>
					<control type="image">
						<posx>70</posx>
						<posy>1</posy>
						<width>200</width>
						<height>58</height>
						<aspectratio align="left">keep</aspectratio>
						<fadetime>400</fadetime>
						<texture background="true">$INFO[ListItem.Icon]</texture>
						<visible>String.IsEqual(Skin.String(LiveTV.EpgViewChannels),1) + !String.IsEmpty(ListItem.Icon)</visible>
					</control>
				</channellayout>
				<focusedchannellayout height="60" width="440">
					<control type="image">
						<posy>0</posy>
						<width>440</width>
						<height>60</height>
						<texture border="1">separator2.png</texture>
					</control>
					<control type="image">
						<width>440</width>
						<height>60</height>
						<texture border="4">listselect_fo.png</texture>
					</control>
					<control type="label">
						<width>60</width>
						<height>60</height>
						<font>font15</font>
						<align>center</align>
						<selectedcolor>selected</selectedcolor>
						<label>[B]$INFO[ListItem.ChannelNumber][/B]</label>
					</control>
					<control type="label" id="1">
						<posx>60</posx>
						<width>380</width>
						<height>60</height>
						<font>font15</font>
						<textoffsetx>15</textoffsetx>
						<selectedcolor>selected</selectedcolor>
						<label>$INFO[ListItem.ChannelName]</label>
						<visible>String.IsEmpty(Skin.String(LiveTV.EpgViewChannels)) | String.IsEmpty(ListItem.Icon)</visible>
					</control>
					<control type="label">
						<posx>138</posx>
						<width>300</width>
						<height>60</height>
						<font>font15</font>
						<textoffsetx>15</textoffsetx>
						<selectedcolor>selected</selectedcolor>
						<label>$INFO[ListItem.ChannelName]</label>
						<visible>String.IsEqual(Skin.String(LiveTV.EpgViewChannels),2) + !String.IsEmpty(ListItem.Icon)</visible>
					</control>
					<control type="image">
						<posx>70</posx>
						<posy>2</posy>
						<width>65</width>
						<height>56</height>
						<aspectratio align="left">keep</aspectratio>
						<fadetime>400</fadetime>
						<texture background="true">$INFO[ListItem.Icon]</texture>
						<visible>String.IsEqual(Skin.String(LiveTV.EpgViewChannels),2) + !String.IsEmpty(ListItem.Icon)</visible>
					</control>
					<control type="image">
						<posx>70</posx>
						<posy>1</posy>
						<width>200</width>
						<height>58</height>
						<aspectratio align="left">keep</aspectratio>
						<fadetime>400</fadetime>
						<texture background="true">$INFO[ListItem.Icon]</texture>
						<visible>String.IsEqual(Skin.String(LiveTV.EpgViewChannels),1) + !String.IsEmpty(ListItem.Icon)</visible>
					</control>
				</focusedchannellayout>
				<itemlayout height="60" width="120">
				<control type="image" id="1">
						<width>120</width>
						<height>60</height>
						<aspectratio>stretch</aspectratio>
						<texture border="0" colordiffuse="33FFFFFF">new_pvr/epg-item.png</texture>
					</control>
					<control type="image" id="1">
						<width>120</width>
						<height>60</height>
						<aspectratio>stretch</aspectratio>
						<texture border="3">$INFO[ListItem.Property(GenreType),new_pvr/epg-genres/,.png]</texture>
					</control>
					<control type="image" id="2">
						<width>120</width>
						<height>60</height>
						<aspectratio>stretch</aspectratio>
						<texture border="3" fallback="new_pvr/epg-genres/0.png">new_pvr/epg-genres/$INFO[ListItem.Genre].png</texture>
						<visible>!Control.IsVisible(1)</visible>
					</control>
					<control type="group">
						<visible>[ListItem.HasTimer | ListItem.IsRecording]</visible>
						<control type="label">
							<posy>0</posy>
							<width>120</width>
							<height>60</height>
							<font>IconSmall</font>
							<textoffsetx>14</textoffsetx>
							<textcolor>themecolor</textcolor>
							<selectedcolor>selected</selectedcolor>
							<label></label>
							<align>left</align>
							<visible>ListItem.HasTimer + !ListItem.IsRecording</visible>
						</control>
						<control type="label">
							<posy>0</posy>
							<width>120</width>
							<height>60</height>
							<font>IconSmall</font>
							<textoffsetx>14</textoffsetx>
							<textcolor>DDFF0000</textcolor>
							<selectedcolor>selected</selectedcolor>
							<label></label>
							<visible>ListItem.IsRecording</visible>
							<align>left</align>
						</control>
					</control>
					<control type="label" id="1">
						<width>120</width>
						<height>60</height>
						<font>font15</font>
						<textoffsetx>15</textoffsetx>
						<textcolor>grey2</textcolor>
						<selectedcolor>selected</selectedcolor>
						<label>$INFO[ListItem.Label]</label>
						<animation effect="slide" start="0,0" end="40,0" time="0" tween="sine" easing="in" condition="[ListItem.HasTimer | ListItem.IsRecording]">Conditional</animation>
					</control>
				</itemlayout>
				<focusedlayout height="60" width="120">
					<control type="image" id="14">
						<texture border="4">listselect_fo.png</texture>
					</control>
					<control type="group">
						<!-- <visible>[ListItem.HasTimer | ListItem.IsRecording]</visible> -->
						<control type="label">
							<posy>0</posy>
							<width>120</width>
							<height>60</height>
							<font>IconSmall</font>
							<textoffsetx>15</textoffsetx>
							<textcolor>themecolor</textcolor>
							<selectedcolor>themecolor</selectedcolor>
							<label></label>
							<visible>ListItem.HasTimer + !ListItem.IsRecording</visible>
							<align>left</align>
						</control>
						<control type="label">
							<posy>0</posy>
							<width>120</width>
							<height>60</height>
							<font>IconSmall</font>
							<textoffsetx>14</textoffsetx>
							<textcolor>DDFF0000</textcolor>
							<selectedcolor>DDFF0000</selectedcolor>
							<label></label>
							<visible>ListItem.IsRecording</visible>
							<align>left</align>
						</control>
					</control>
					<control type="label" id="1">
						<width>120</width>
						<height>60</height>
						<font>font15</font>
						<textoffsetx>15</textoffsetx>
						<selectedcolor>selected</selectedcolor>
						<label>$INFO[ListItem.Label]</label>
						<animation effect="slide" start="0,0" end="40,0" time="0" tween="sine" easing="in" condition="[ListItem.HasTimer | ListItem.IsRecording]">Conditional</animation>
					</control>
				</focusedlayout>
			</control>
			<control type="image">
				<posx>82</posx>
				<posy>17</posy>
				<width>1755</width>
				<height>60</height>
				<texture border="1">separator2.png</texture>
			</control>
			<control type="image">
				<posx>520</posx>
				<posy>558</posy>
				<width>1319</width>
				<height>60</height>
				<texture border="1">separator2.png</texture>
			</control>
			<control type="group">
		    <visible>Control.IsVisible(10) + !String.IsEmpty(ListItem.Icon)</visible>	
				<posx>83</posx>
				<posy>617</posy>
				<control type="image">
					<posx>110</posx>
					<posy>30</posy>
					<width>200</width>
					<height>200</height>
					<aspectratio>keep</aspectratio>
					<fadetime>400</fadetime>
					<texture>$INFO[ListItem.Icon]</texture>
				</control>
			</control>
			<control type="group">
   		  <visible>Control.IsVisible(10)</visible>
				<posx>522</posx>
				<posy>617</posy>
				<control type="label">
					<posx>0</posx>
					<posy>15</posy>
					<width>1316</width>
					<height>30</height>
					<align>left</align>
					<font>font15</font>
					<textcolor>grey2</textcolor>
					<textoffsetx>15</textoffsetx>
					<label>[COLOR labelheader]$INFO[ListItem.StartTime]$INFO[ListItem.EndTime, - ,: ][/COLOR]$INFO[ListItem.Title]     $INFO[ListItem.Genre,[COLOR labelheader]$LOCALIZE[515]:[/COLOR] ,]</label>
				</control>
				<control type="textbox" id="81">
					<label>$INFO[ListItem.Plot]</label>
					<posx>15</posx>
					<posy>50</posy>
					<width>1286</width>
					<height>200</height>
					<font>font15_textbox</font>
					<autoscroll time="3000" delay="4000" repeat="5000">true</autoscroll>
					<visible>![String.StartsWith(ListItem.PlotOutline,"http://") | String.StartsWith(ListItem.PlotOutline,"https://")]</visible>
				</control>
				<control type="textbox" id="81">
					<posx>15</posx>
					<posy>50</posy>
					<width>985</width>
					<height>200</height>
					<font>font15_textbox</font>
					<label>$INFO[ListItem.Plot]</label>
					<autoscroll time="3000" delay="4000" repeat="5000">true</autoscroll>
					<visible>[String.StartsWith(ListItem.PlotOutline,"http://") | String.StartsWith(ListItem.PlotOutline,"https://")]</visible>
				</control>
				<control type="image">
					<left>1000</left>
					<top>15</top>
					<width>300</width>
					<height>220</height>
					<align>center</align>
					<aspectratio>keep</aspectratio>
					<texture>$INFO[ListItem.PlotOutline]</texture>
					<visible>[String.StartsWith(ListItem.PlotOutline,"http://") | String.StartsWith(ListItem.PlotOutline,"https://")]</visible>
				</control>
			</control>
		</control>
	</include>
	<include name="EpgTimelineMinified">
		<control type="group">
			<description>TV Guide Timeline</description>
			<animation condition="Skin.HasSetting(alternatetvosd)" effect="fade" start="0" end="100" time="300" easing="out">WindowOpen</animation>
			<animation condition="Skin.HasSetting(alternatetvosd)" effect="fade" start="100" end="0" time="300" easing="in">WindowClose</animation>
			<top>750</top>
			<!-- <control type="image">
				<top>340</top>
				<width>1920</width>
				<height>625r</height>
				<texture flipy="false" border="1,1,1,34" >topbar.png</texture>
			</control> -->
			<control type="image">
				<top>0</top>
				<left>-40</left>
				<width>2000</width>
				<height>350</height>
				<texture border="35">dialogs/default/bg2.png</texture>
			</control>
			<control type="epggrid" id="10">
				<description>EPG Grid</description>
				<left>390</left>
				<top>8</top>
				<width>1520</width>
				<height>320</height>
				<pagecontrol>10</pagecontrol>
				<scrolltime tween="quadratic" easing="out">200</scrolltime>
				<timeblocks>20</timeblocks>
				<progresstexture border="0,70,18,14">new_pvr/PVR-EpgProgressIndicator_mini_2.png</progresstexture>
				<rulerunit>6</rulerunit>
				<onleft>10</onleft>
				<onright>10</onright>
				<onup>10</onup>
				<ondown>10</ondown>
				<onback>SetProperty(MediaMenu,True,home)</onback>
				<onback>28</onback>
				<viewtype label="19032">list</viewtype>
				<rulerlayout height="45" width="40">
					<control type="label" id="2">
						<width>40</width>
						<height>45</height>
						<top>5</top>
						<font>font11</font>
						<aligny>center</aligny>
						<textcolor>labelheader</textcolor>
						<textoffsetx>0</textoffsetx>
						<selectedcolor>selected</selectedcolor>
						<align>left</align>
						<label>$INFO[ListItem.Label]</label>
					</control>
				</rulerlayout>
				<channellayout height="55" width="400">
					<control type="image">
						<posy>0</posy>
						<width>400</width>
						<height>55</height>
						<texture border="0" colordiffuse="33FFFFFF">new_pvr/epg-channels.png</texture>
					</control>
					<control type="label">
						<width>60</width>
						<height>55</height>
						<font>font14</font>
						<align>left</align>
						<textcolor>grey2</textcolor>
						<selectedcolor>selected</selectedcolor>
						<label>$INFO[ListItem.ChannelNumber]</label>
					</control>
					<control type="label">
						<posx>50</posx>
						<width>300</width>
						<height>55</height>
						<font>font14</font>
						<textoffsetx>15</textoffsetx>
						<textcolor>grey2</textcolor>
						<selectedcolor>selected</selectedcolor>
						<label>$INFO[ListItem.ChannelName]</label>
						<visible>String.IsEqual(Skin.String(LiveTV.EpgViewChannels),2) + !String.IsEmpty(ListItem.Icon)</visible>
					</control>
					<control type="image">
						<posx>310</posx>
						<posy>2</posy>
						<width>65</width>
						<height>52</height>
						<aspectratio align="center">keep</aspectratio>
						<fadetime>400</fadetime>
						<texture background="true">$INFO[ListItem.Icon]</texture>
						<visible>String.IsEqual(Skin.String(LiveTV.EpgViewChannels),2) + !String.IsEmpty(ListItem.Icon)</visible>
					</control>
					<control type="image">
						<posx>310</posx>
						<posy>2</posy>
						<width>200</width>
						<height>52</height>
						<aspectratio align="center">keep</aspectratio>
						<fadetime>400</fadetime>
						<texture background="true">$INFO[ListItem.Icon]</texture>
						<visible>String.IsEqual(Skin.String(LiveTV.EpgViewChannels),1) + !String.IsEmpty(ListItem.Icon)</visible>
					</control>
				</channellayout>
				<focusedchannellayout height="55" width="400">
					<control type="image">
						<posy>0</posy>
						<width>400</width>
						<height>55</height>
						<texture border="0" colordiffuse="33FFFFFF">new_pvr/epg-channels.png</texture>
					</control>
					<control type="label">
						<width>60</width>
						<height>55</height>
						<font>font14</font>
						<align>left</align>
						<selectedcolor>selected</selectedcolor>
						<label>$INFO[ListItem.ChannelNumber]</label>
					</control>
					<control type="label">
						<posx>50</posx>
						<width>300</width>
						<height>55</height>
						<font>font14</font>
						<textoffsetx>15</textoffsetx>
						<selectedcolor>selected</selectedcolor>
						<label>$INFO[ListItem.ChannelName]</label>
						<visible>String.IsEqual(Skin.String(LiveTV.EpgViewChannels),2) + !String.IsEmpty(ListItem.Icon)</visible>
					</control>
					<control type="image">
						<posx>310</posx>
						<posy>2</posy>
						<width>65</width>
						<height>52</height>
						<aspectratio align="center">keep</aspectratio>
						<fadetime>400</fadetime>
						<texture background="true">$INFO[ListItem.Icon]</texture>
						<visible>String.IsEqual(Skin.String(LiveTV.EpgViewChannels),2) + !String.IsEmpty(ListItem.Icon)</visible>
					</control>
					<control type="image">
						<posx>310</posx>
						<posy>2</posy>
						<width>200</width>
						<height>52</height>
						<aspectratio align="left">keep</aspectratio>
						<fadetime>400</fadetime>
						<texture background="true">$INFO[ListItem.Icon]</texture>
						<visible>String.IsEqual(Skin.String(LiveTV.EpgViewChannels),1) + !String.IsEmpty(ListItem.Icon)</visible>
					</control>
				</focusedchannellayout>
				<itemlayout height="55" width="120">
					<control type="image" id="1">
						<width>120</width>
						<height>55</height>
						<aspectratio>stretch</aspectratio>
						<texture border="0" colordiffuse="33FFFFFF">new_pvr/epg-item.png</texture>
					</control>
					<control type="image" id="1">
						<width>120</width>
						<height>55</height>
						<aspectratio>stretch</aspectratio>
						<texture border="3">$INFO[ListItem.Property(GenreType),new_pvr/epg-genres/,.png]</texture>
					</control>
					<control type="image" id="2">
						<width>120</width>
						<height>55</height>
						<aspectratio>stretch</aspectratio>
						<texture border="3" fallback="new_pvr/epg-genres/0.png">new_pvr/epg-genres/$INFO[ListItem.Genre].png</texture>
						<visible>!Control.IsVisible(1)</visible>
					</control>
					<control type="group">
						<visible>[ListItem.HasTimer | ListItem.IsRecording]</visible>
						<control type="label">
							<posy>0</posy>
							<width>120</width>
							<height>55</height>
							<font>IconSmall</font>
							<textoffsetx>14</textoffsetx>
							<textcolor>themecolor</textcolor>
							<selectedcolor>selected</selectedcolor>
							<label></label>
							<align>left</align>
							<visible>ListItem.HasTimer + !ListItem.IsRecording</visible>
						</control>
						<control type="label">
							<posy>0</posy>
							<width>120</width>
							<height>55</height>
							<font>IconSmall</font>
							<textoffsetx>14</textoffsetx>
							<textcolor>DDFF0000</textcolor>
							<selectedcolor>selected</selectedcolor>
							<label></label>
							<visible>ListItem.IsRecording</visible>
							<align>left</align>
						</control>
					</control>
					<control type="label" id="1">
						<width>120</width>
						<height>55</height>
						<font>font14</font>
						<textoffsetx>15</textoffsetx>
						<textcolor>grey2</textcolor>
						<selectedcolor>selected</selectedcolor>
						<label>$INFO[ListItem.Label]</label>
						<animation effect="slide" start="0,0" end="40,0" time="0" tween="sine" easing="in" condition="[ListItem.HasTimer | ListItem.IsRecording]">Conditional</animation>
					</control>
				</itemlayout>
				<focusedlayout height="55" width="120">
					<control type="image" id="14">
						<texture border="4">listselect_fo.png</texture>
					</control>
					<control type="group">
						<visible>[ListItem.HasTimer | ListItem.IsRecording]</visible>
						<control type="label">
							<posy>0</posy>
							<width>120</width>
							<height>55</height>
							<font>IconSmall</font>
							<textoffsetx>14</textoffsetx>
							<textcolor>themecolor</textcolor>
							<selectedcolor>themecolor</selectedcolor>
							<label></label>
							<visible>ListItem.HasTimer + !ListItem.IsRecording</visible>
							<align>left</align>
						</control>
						<control type="label">
							<posy>0</posy>
							<width>120</width>
							<height>55</height>
							<font>IconSmall</font>
							<textoffsetx>14</textoffsetx>
							<textcolor>DDFF0000</textcolor>
							<selectedcolor>DDFF0000</selectedcolor>
							<label></label>
							<visible>ListItem.IsRecording</visible>
							<align>left</align>
						</control>
					</control>
					<control type="label" id="1">
						<width>120</width>
						<height>55</height>
						<font>font14</font>
						<textoffsetx>15</textoffsetx>
						<selectedcolor>selected</selectedcolor>
						<label>$INFO[ListItem.Label]</label>
						<animation effect="slide" start="0,0" end="40,0" time="0" tween="sine" easing="in" condition="[ListItem.HasTimer | ListItem.IsRecording]">Conditional</animation>
					</control>
				</focusedlayout>
			</control>
			<control type="group">
				<left>15</left>
				<top>25</top>
				<control type="label">
					<left>0</left>
					<top>0</top>
					<width>360</width>
					<height>30</height>
					<align>left</align>
					<font>font13</font>
					<textcolor>white</textcolor>
					<label>$INFO[ListItem.Title]</label>
				</control>
				<control type="label">
					<left>0</left>
					<top>35</top>
					<width>360</width>
					<height>30</height>
					<align>left</align>
					<font>font11</font>
					<textcolor>labelheader</textcolor>
					<label>$INFO[ListItem.Genre]    $INFO[ListItem.StartTime]$INFO[ListItem.EndTime, - ,]</label>
				</control>
				<control type="textbox" id="81">
					<left>0</left>
					<top>75</top>
					<width>360</width>
					<height>215</height>
					<font>font12</font>
					<textcolor>grey</textcolor>
					<autoscroll time="3000" delay="4000" repeat="5000">true</autoscroll>
					<label>$INFO[ListItem.Plot]</label>
				</control>
			</control>
		</control>
	</include>
	
	<include name="ChannelOSDExtended">
		<left>60</left>
		<top>45</top>
		<control type="image">
			<width>1800</width>
			<height>1000</height>
			<texture border="40,100,40,100" colordiffuse="F2FFFFFF">dialog_back.png</texture>
		</control>
		<control type="label">
			<left>100</left>
			<top>30</top>
			<width>690</width>
			<height>30</height>
			<font>font13</font>
			<align>left</align>
			<label>$LOCALIZE[19023] - $INFO[VideoPlayer.ChannelGroup]</label>
		</control>
		<control type="label">
			<top>30</top>
			<left>1200</left>
			<height>30</height>
			<width>550</width>
			<font>font13</font>
			<align>right</align>
			<label>$INFO[System.Date(DDD)], $INFO[System.Date(dd.mm.yyyy)] ՠ$INFO[System.Time(hh:mm xx)]</label>
		</control>
		<control type="image">
			<left>60</left>
			<top>33</top>
			<width>24</width>
			<height>24</height>
			<aspectratio>keep</aspectratio>
			<texture colordiffuse="white">arrowright.png</texture>
		</control>
		<control type="image">
			<left>40</left>
			<top>33</top>
			<width>24</width>
			<height>24</height>
			<aspectratio>keep</aspectratio>
			<texture flipx="true" colordiffuse="white">arrowright.png</texture>
		</control>
		
		<control type="group">
			<left>30</left>
			<top>72</top>
			<control type="list" id="11">
				<width>970</width>
				<height>855</height>
				<onleft>PreviousChannelGroup</onleft>
				<onright>NextChannelGroup</onright>
				<onup>11</onup>
				<ondown>11</ondown>
				<pagecontrol>80</pagecontrol>
				<scrolltime tween="quadratic">200</scrolltime>
				<itemlayout height="61" width="970">
					<control type="image">
						<left>0</left>
						<top>0</top>
						<width>975</width>
						<height>61</height>
						<texture>separator2.png</texture>
					</control>
					<control type="label">
						<left>0</left>
						<top>0</top>
						<width>55</width>
						<height>61</height>
						<align>right</align>
						<textcolor>white</textcolor>
						<selectedcolor>themecolor</selectedcolor>
						<font>font14_textbox</font>
						<label>[B]$INFO[ListItem.ChannelNumber][/B]</label>
					</control>
					<control type="progress">
						<left>70</left>
						<top>25</top>
						<width>80</width>
						<height>12</height>
						<info>ListItem.Progress</info>
						<visible>!String.IsEqual(ListItem.Title,)</visible>
						<midtexture colordiffuse="themecolor">new_pvr/texturebg_white.png</midtexture>
						<texturebg border="3,0,3,0" colordiffuse="themecolor">new_pvr/texturebg_border_white.png</texturebg>
					</control>
					<control type="label">
						<left>165</left>
						<top>0</top>
						<textcolor>themecolor</textcolor>
						<selectedcolor>themecolor</selectedcolor>
						<font>font14_textbox</font>
						<width>700</width>
						<height>61</height>
						<label>[B][COLOR white]$INFO[ListItem.Label][/COLOR][/B] $INFO[ListItem.Title, ]</label>
					</control>
					<control type="image">
						<animation effect="fade" start="100" end="40" time="1200" pulse="true" condition="true">conditional</animation>
						<left>840</left>
						<top>10</top>
						<width>40</width>
						<height>40</height>
						<texture>new_pvr/PVR-IsRecording.png</texture>
						<visible>ListItem.IsRecording</visible>
					</control>
					<control type="image">
						<visible>true</visible>
						<left>880</left>
						<top>5</top>
						<width>80</width>
						<height>50</height>
						<aspectratio>keep</aspectratio>
						<texture>$INFO[ListItem.Icon]</texture>
					</control>
				</itemlayout>
				<focusedlayout height="61" width="970">
					<control type="image">
						<left>1</left>
						<top>0</top>
						<width>970</width>
						<height>61</height>
						<texture border="4">new_pvr/listselect_fo.png</texture>
						<colordiffuse>themecolor</colordiffuse>
					</control>
					<control type="label">
						<left>0</left>
						<top>0</top>
						<width>55</width>
						<height>61</height>
						<align>right</align>
						<textcolor>white</textcolor>
						<selectedcolor>white</selectedcolor>
						<font>font14_textbox</font>
						<label>[B]$INFO[ListItem.ChannelNumber][/B]</label>
					</control>
					<control type="progress">
						<left>70</left>
						<top>25</top>
						<width>80</width>
						<height>12</height>
						<info>ListItem.Progress</info>
						<visible>!String.IsEqual(ListItem.Title,)</visible>
						<midtexture>new_pvr/texturebg_white.png</midtexture>
						<texturebg border="3,0,3,0">new_pvr/texturebg_border_white.png</texturebg>
					</control>
					<control type="label">
						<left>165</left>
						<top>0</top>
						<textcolor>white</textcolor>
						<selectedcolor>white</selectedcolor>
						<font>font14_textbox</font>
						<width>700</width>
						<height>61</height>
						<label>[B]$INFO[ListItem.Label][/B] $INFO[ListItem.Title, ]</label>
					</control>
					<control type="image">
						<animation effect="fade" start="100" end="40" time="1200" pulse="true" condition="true">conditional</animation>
						<left>840</left>
						<top>12</top>
						<width>40</width>
						<height>40</height>
						<texture>new_pvr/PVR-IsRecording.png</texture>
						<visible>ListItem.IsRecording</visible>
					</control>
					<control type="image">
						<visible>true</visible>
						<left>880</left>
						<top>5</top>
						<width>80</width>
						<height>50</height>
						<aspectratio>keep</aspectratio>
						<texture>$INFO[ListItem.Icon]</texture>
					</control>
				</focusedlayout>
			</control>
		</control>
		<control type="group">
			<left>1040</left>
			<top>72</top>
			<control type="group">
				<height>890</height>
				<visible>true</visible>
				<control type="label">
					<top>20</top>
					<height>40</height>
					<width>460</width>
					<font>font52_bold</font>
					<textcolor>themecolor</textcolor>
					<label>$INFO[Container(11).ListItem.Label]</label>
				</control>
				<control type="image">
					<top>80</top>
					<left>5</left>
					<height>100</height>
					<width>160</width>
					<texture fallback="new_pvr/tv.png">$INFO[Container(11).ListItem.Icon]</texture>
					<aspectratio>keep</aspectratio>
				</control>
				<control type="group">
					<top>100</top>
					<left>230</left>
					<height>70</height>
					<control type="label">
						<top>20</top>
						<height>50</height>
						<width>460</width>
						<font>font28_bold</font>
						<textcolor>grey</textcolor>
						<label>$INFO[Container(11).ListItem.StartTime]</label>
					</control>
					<control type="label">
						<top>20</top>
						<height>50</height>
						<left>355</left>
						<width>100</width>
						<font>font28_bold</font>
						<textcolor>grey2</textcolor>
						<align>right</align>
						<label>- $INFO[Container(11).ListItem.EndTime]</label>
					</control>
					<control type="progress">
						<width>460</width>
						<height>16</height>
						<info>Container(11).ListItem.Progress</info>
						<midtexture border="2" colordiffuse="themecolor">new_pvr/texturebg_white.png</midtexture>
						<texturebg border="3,0,3,0" colordiffuse="themecolor">new_pvr/texturebg_border_white.png</texturebg>
					</control>
				</control>
				
				<control type="label">
					<top>200</top>
					<height>80</height>
					<width>720</width>
					<font>font16</font>
					<aligny>top</aligny>
					<textcolor>themecolor</textcolor>
					<label>$INFO[Container(11).ListItem.Title]</label>
					<wrapmultiline>true</wrapmultiline>
				</control>
				
				<control type="group">
					<top>280</top>
					<control type="textbox"> <!-- Plot wide (if no poster) -->
						<width>700</width>
						<height>433</height>
						<font>font14_textbox</font>
						<textcolor>grey</textcolor>
						<label>$INFO[Container(11).ListItem.Plot]</label>
						<autoscroll delay="8000" time="2000" repeat="10000">true</autoscroll>
						<visible>!Control.IsVisible(55)</visible>
					</control>
					<control type="textbox"> <!-- Plot short (if poster) -->
						<width>500</width>
						<height>433</height>
						<font>font14_textbox</font>
						<textcolor>grey</textcolor>
						<label>$INFO[Container(11).ListItem.Plot]</label>
						<autoscroll delay="8000" time="2000" repeat="10000">true</autoscroll>
						<visible>Control.IsVisible(55)</visible>
					</control>
					<control type="image" id="55"> <!-- Show\Movie poster -->
						<left>515</left>
						<width>200</width>
						<height>300</height>
						<align>center</align>
						<aspectratio>keep</aspectratio>
						<texture>$INFO[Container(11).ListItem.PlotOutline]</texture>
						<visible>String.StartsWith(Container(11).ListItem.PlotOutline,"http://") | String.StartsWith(Container(11).ListItem.PlotOutline,"https://")</visible>
					</control>
				</control>
				
				<!-- Genre label -->
				<control type="label"> 
					<top>725</top>
					<height>40</height>
					<width>715</width>
					<align>left</align>
					<font>font13</font>
					<textcolor>grey</textcolor>
					<label>$LOCALIZE[515]: [COLOR themecolor]$INFO[Container(11).ListItem.Genre][/COLOR]</label>
				</control>
				<control type="image">
					<top>768</top>
					<width>715</width>
					<height>2</height>
					<texture>new_pvr/osd_line_white.png</texture>
					<colordiffuse>grey3</colordiffuse>
				</control>
				<control type="label">
					<top>778</top>
					<height>30</height>
					<width>700</width>
					<align>left</align>
					<font>font13</font>
					<textcolor>grey</textcolor>
					<label>$LOCALIZE[19031]: [COLOR themecolor]$INFO[Container(11).ListItem.NextTitle][/COLOR]</label>
				</control>
				<control type="label">
					<visible>!String.IsEqual(Container(11).ListItem.NextTitle,)</visible>
					<top>815</top>
					<align>left</align>
					<height>30</height>
					<width>520</width>
					<font>font13</font>
					<textcolor>grey</textcolor>
					<label>$INFO[Container(11).ListItem.NextStartTime] - $INFO[Container(11).ListItem.NextEndTime]</label>
				</control>
			</control>
		</control>
		
		<control type="image">
			<left>1000</left>
			<top>72</top>
			<width>3</width>
			<height>855</height>
			<texture colordiffuse="65ffffff">separator3.png</texture>
		</control>
		<control type="image">
			<left>1012</left>
			<top>72</top>
			<width>3</width>
			<height>855</height>
			<texture flipx="true" colordiffuse="65ffffff">separator3.png</texture>
		</control>
		<control type="scrollbar" id="80">
			<left>998</left>
			<top>72</top>
			<width>15</width>
			<height>855</height>
			<texturesliderbackground border="0">-</texturesliderbackground>
			<texturesliderbar colordiffuse="55ffffff" border="1">scrollbar/texturesliderbar2.png</texturesliderbar>
			<showonepage>false</showonepage>
			<orientation>vertical</orientation>
		</control>
		
		<control type="label">
			<left>40</left>
			<top>905</top>
			<height>100</height>
			<width>900</width>
			<font>font24_bold</font>
			<label>Channels: $INFO[Container(11).NumItems]    ՠ   $INFO[Container(11).CurrentPage] / $INFO[Container(11).NumPages]</label>
			<textcolor>white</textcolor>
			<align>left</align>
			<aligny>center</aligny>
		</control>
	</include>

	<include name="ChannelOSDStandard">
		<control type="image">
			<left>-32</left>
			<top>0</top>
			<width>885</width>
			<height>1080</height>
			<texture border="40">mediamenu_back.png</texture>
			<colordiffuse>DDFFFFFF</colordiffuse>
		</control>
		<control type="list" id="11">
			<visible>!Skin.HasSetting(alternatetvosd)</visible>
			<left>0</left>
			<top>0</top>
			<width>821</width>
			<height>1080</height>
			<onleft>PreviousChannelGroup</onleft>
			<onright>NextChannelGroup</onright>
			<onup>11</onup>
			<ondown>11</ondown>
			<viewtype label="535">list</viewtype>
			<pagecontrol>60</pagecontrol>
			<scrolltime tween="quadratic" easing="out">200</scrolltime>
			<itemlayout height="108" width="821">
				<control type="image">
					<left>0</left>
					<top>60</top>
					<width>821</width>
					<height>48</height>
					<texture border="1">separator2.png</texture>
				</control>
				<control type="label">
					<left>0</left>
					<top>0</top>
					<width>120</width>
					<height>85</height>
					<font>font45caps_title</font>
					<textcolor>grey2</textcolor>
					<selectedcolor>selected</selectedcolor>
					<align>center</align>
					<aligny>center</aligny>
					<label>[B]$INFO[ListItem.ChannelNumber][/B]</label>
				</control>
				<control type="label">
					<left>130</left>
					<top>0</top>
					<width>530</width>
					<height>60</height>
					<font>font30</font>
					<textcolor>grey2</textcolor>
					<selectedcolor>selected</selectedcolor>
					<align>left</align>
					<aligny>center</aligny>
					<label>$INFO[ListItem.Label]</label>
				</control>
				<control type="label">
					<left>130</left>
					<top>50</top>
					<width>530</width>
					<height>60</height>
					<font>font15</font>
					<textcolor>grey3</textcolor>
					<selectedcolor>grey3</selectedcolor>
					<align>left</align>
					<aligny>center</aligny>
					<label>$INFO[ListItem.Title]</label>
				</control>
				<control type="progress">
					<description>Progressbar</description>
					<left>10</left>
					<top>84</top>
					<width>100</width>
					<height>10</height>
					<colordiffuse>88FFFFFF</colordiffuse>
					<visible>ListItem.HasEpg</visible>
					<info>ListItem.Progress</info>
					<midtexture colordiffuse="themecolor">new_pvr/texturebg_white.png</midtexture>
					<texturebg border="3,1,3,1" colordiffuse="themecolor">new_pvr/texturebg_border_white.png</texturebg>
				</control>
				<control type="image">
					<left>681</left>
					<top>8</top>
					<width>105</width>
					<height>90</height>
					<aspectratio>keep</aspectratio>
					<texture background="true">$INFO[ListItem.Icon]</texture>
					<fadetime>IconCrossfadeTime</fadetime>
					<animation effect="slide" start="0" end="-20" time="100" tween="sine" easing="in" condition="ListItem.IsRecording">Conditional</animation>
				</control>
				<control type="label">
					<left>828</left>
					<top>45</top>
					<width>120</width>
					<height>30</height>
					<font>IconSmall</font>
					<textoffsetx>15</textoffsetx>
					<textcolor>grey2</textcolor>
					<align>right</align>
					<selectedcolor>selected</selectedcolor>
					<label>?</label>
					<visible>ListItem.IsRecording</visible>
				</control>
			</itemlayout>
			<focusedlayout height="108" width="821">
				<control type="image">
					<top>60</top>
					<width>821</width>
					<height>48</height>
					<texture border="1">separator2.png</texture>
				</control>
				<control type="image">
					<width>821</width>
					<height>108</height>
					<texture border="4">listselect_fo.png</texture>
					<visible>Control.HasFocus(11)</visible>
					<include>VisibleFadeEffect</include>
				</control>
				<control type="label">
					<left>0</left>
					<top>0</top>
					<width>120</width>
					<height>85</height>
					<font>font45caps_title</font>
					<selectedcolor>white</selectedcolor>
					<align>center</align>
					<aligny>center</aligny>
					<label>[B]$INFO[ListItem.ChannelNumber][/B]</label>
				</control>
				<control type="label">
					<left>130</left>
					<top>0</top>
					<width>530</width>
					<height>60</height>
					<font>font30</font>
					<selectedcolor>white</selectedcolor>
					<align>left</align>
					<aligny>center</aligny>
					<label>$INFO[ListItem.Label]</label>
					<animation effect="fade" start="100" end="70" time="300" tween="sine" easing="inout" condition="!Control.HasFocus(11)">Conditional</animation>
				</control>
				<control type="label">
					<left>130</left>
					<top>50</top>
					<width>530</width>
					<height>60</height>
					<font>font15</font>
					<selectedcolor>white</selectedcolor>
					<align>left</align>
					<aligny>center</aligny>
					<label>$INFO[ListItem.Title]</label>
					<animation effect="fade" start="100" end="30" time="300" tween="sine" easing="inout" condition="!Control.HasFocus(11)">Conditional</animation>
				</control>
				<control type="progress">
					<description>Progressbar</description>
					<left>10</left>
					<top>84</top>
					<width>100</width>
					<height>10</height>
					<colordiffuse>88FFFFFF</colordiffuse>
					<visible>ListItem.HasEpg</visible>
					<info>ListItem.Progress</info>
					<midtexture colordiffuse="themecolor">new_pvr/texturebg_white.png</midtexture>
					<texturebg border="3,1,3,1" colordiffuse="themecolor">new_pvr/texturebg_border_white.png</texturebg>
				</control>
				<control type="image">
					<left>681</left>
					<top>8</top>
					<width>105</width>
					<height>90</height>
					<aspectratio>keep</aspectratio>
					<texture background="true">$INFO[ListItem.Icon]</texture>
					<fadetime>IconCrossfadeTime</fadetime>
					<animation effect="slide" start="0" end="-20" time="100" tween="sine" easing="in" condition="ListItem.IsRecording">Conditional</animation>
				</control>
				<control type="label">
					<left>828</left>
					<top>45</top>
					<width>120</width>
					<height>30</height>
					<font>IconSmall</font>
					<textoffsetx>15</textoffsetx>
					<align>right</align>
					<selectedcolor>selected</selectedcolor>
					<label>?</label>
					<visible>ListItem.IsRecording</visible>
				</control>
			</focusedlayout>
		</control>
		<control type="scrollbar" id="60">
			<left>820</left>
			<top>0</top>
			<width>14</width>
			<height>1080</height>
			<showonepage>false</showonepage>
			<texturesliderbackground>-</texturesliderbackground>
			<texturesliderbar colordiffuse="55ffffff" border="1">scrollbar/texturesliderbar2.png</texturesliderbar>
			<texturesliderbarfocus border="1">scrollbar/texturesliderbar2.png</texturesliderbarfocus>
			<onleft>11</onleft>
			<onright>NextChannelGroup</onright>
			<ondown>61</ondown>
			<onup>61</onup>
			<orientation>vertical</orientation>
		</control>
	</include>
	
</includes>