<?xml version="1.0" encoding="UTF-8"?>
<includes>
	<include name="FullScreenInfoBarLiveTV">
		<animation effect="fade" start="0" end="100" time="400">WindowOpen</animation>
		<animation effect="fade" start="100" end="0" time="400">WindowClose</animation>
		<!-- Main background -->
		<control type="group">
			<top>778</top>
			<left>17</left>
			<control type="image">
				<width>1885</width>
				<height>295</height>
				<texture border="40" colordiffuse="F2FFFFFF">dialogs/default/bg.png</texture>
				<animation effect="fade" end="95" condition="true">Conditional</animation>
			</control>
			<control type="image">
				<top>106</top>
				<left>365</left>
				<width>1480</width>
				<height>2</height>
				<texture border="0" colordiffuse="white">new_pvr/osd_line_white.png</texture>
			</control>
			<control type="image">
				<top>236</top>
				<left>40</left>
				<width>1805</width>
				<height>2</height>
				<texture border="0" colordiffuse="white">new_pvr/osd_line_white.png</texture>
			</control>
		</control>

		<!-- Channel logo -->
		<control type="group" id="1">
			<animation effect="fade" start="0" end="100" time="400">WindowOpen</animation>
			<animation effect="fade" start="100" end="0" time="400">WindowClose</animation>
			<control type="image"> <!-- Logo background -->
				<left>80</left>
				<top>815</top>
				<width>250</width>
				<height>190</height>
				<texture>new_pvr/texturebg3.png</texture>
				<align>center</align>
				<visible>false</visible>
			</control>
			<control type="image" id="1">
				<left>100</left>
				<top>815</top>
				<width>210</width>
				<height>190</height>
				<align>center</align>
				<texture>$INFO[VideoPlayer.Cover]</texture>
				<aspectratio>keep</aspectratio>
			</control>
		</control>
		<!-- Top Info (ChannelNr, Name, Date, Time & Back-end info) -->
		<control type="group" id="1">
			<control type="label" id="1">
				<left>380</left>
				<top>790</top>
				<width>350</width>
				<height>100</height>
				<align>left</align>
				<font>font65</font>
				<textcolor>themecolor</textcolor>
				<label>$INFO[VideoPlayer.ChannelNumber]</label>
				<scroll>true</scroll>
			</control>
			<control type="label" id="1">
				<left>520</left>
				<top>790</top>
				<width>950</width>
				<height>100</height>
				<align>left</align>
				<font>font65</font>
				<textcolor>themecolor</textcolor>
				<label>$INFO[VideoPlayer.ChannelName]</label>
				<scroll>true</scroll>
			</control>

			<control type="label" id="1">
				<left>1370</left>
				<top>808</top>
				<width>250</width>
				<height>30</height>
				<align>right</align>
				<font>font13</font>
				<textcolor>themecolor</textcolor>
				<label>$INFO[System.Date(DDD)]</label>
			</control>
			<control type="label" id="1">
				<left>1370</left>
				<top>840</top>
				<width>250</width>
				<height>30</height>
				<align>right</align>
				<font>font13</font>
				<textcolor>themecolor</textcolor>
				<label>$INFO[System.Date(dd.mm)]</label>
			</control>
			<control type="label" id="1">
				<left>1620</left>
				<top>788</top>
				<width>240</width>
				<height>100</height>
				<align>center</align>
				<font>font65</font>
				<textcolor>themecolor</textcolor>
				<label>$INFO[System.Time(hh:mm xx)]</label>
			</control>
			<!-- Active backend info (DVBS\DVBS2\IPTV) -->
			<control type="group">
				<visible>false</visible>
				<control type="label" id="1">
					<left>380</left>
					<top>845</top>
					<width>1500</width>
					<height>38</height>
					<font>font12</font>
					<align>left</align>
					<textcolor>grey2</textcolor>
					<label>$INFO[Window(Home).Property(PVR_SatellitePos)]  $INFO[Window(Home).Property(PVR_SatelliteName)]  DVB-S2  $INFO[Window(Home).Property(PVR_Modulation)]  $INFO[Window(Home).Property(PVR_Transponder)] MHz  $INFO[Window(Home).Property(PVR_Polarization)]  $INFO[Window(Home).Property(PVR_FEC)]  $INFO[Window(Home).Property(PVR_Frequency)]</label>
					<visible>String.Contains(PVR.ActStreamDevice,DVB-S2 #)</visible>
				</control>
				<control type="label" id="1">
					<left>380</left>
					<top>845</top>
					<width>1500</width>
					<height>38</height>
					<font>font12</font>
					<align>left</align>
					<textcolor>grey2</textcolor>
					<label>$INFO[Window(Home).Property(PVR_SatellitePos)]  $INFO[Window(Home).Property(PVR_SatelliteName)]  DVB-S  $INFO[Window(Home).Property(PVR_Modulation)]  $INFO[Window(Home).Property(PVR_Transponder)] MHz  $INFO[Window(Home).Property(PVR_Polarization)]  $INFO[Window(Home).Property(PVR_FEC)]  $INFO[Window(Home).Property(PVR_Frequency)]</label>
					<visible>String.Contains(PVR.ActStreamDevice,DVB-S #)</visible>
				</control>
				<control type="label" id="1">
					<left>380</left>
					<top>845</top>
					<width>1500</width>
					<height>38</height>
					<font>font12</font>
					<align>left</align>
					<textcolor>grey2</textcolor>
					<label>$INFO[Pvr.BackendName] $INFO[Pvr.BackendVersion] - $INFO[System.VideoEncoderInfo]</label>
					<visible>!String.Contains(PVR.ActStreamDevice,DVB-S2 #) | !String.Contains(PVR.ActStreamDevice,DVB-S #)</visible>
				</control>
			</control>
		</control>

		<!-- Middle Info (Start\End times, Current\Next EPG, Progress-bar, Recording) -->
		<control type="group" id="1">
			<visible>VideoPlayer.HasEpg</visible>
			<control type="label" id="1">
				<left>380</left>
				<top>895</top>
				<width>150</width>
				<height>38</height>
				<font>font16</font>
				<align>left</align>
				<label>[B]$INFO[VideoPlayer.StartTime][/B]</label>
				<visible>!String.IsEmpty(VideoPlayer.Title)</visible>
			</control>
			<control type="label" id="1">
				<left>520</left>
				<top>895</top>
				<width>880</width>
				<height>38</height>
				<font>font16</font>
				<align>left</align>
				<scroll>true</scroll>
				<label>[B]$INFO[VideoPlayer.Title][/B]</label>
				<visible>!String.IsEmpty(VideoPlayer.Title)</visible>
				<visible>![VideoPlayer.Content(LiveTV) + Player.Recording]</visible>
			</control>
			<control type="group"> <!-- Recording logo and labels -->
				<visible>VideoPlayer.Content(LiveTV) + Player.Recording</visible>
				<control type="image">
					<left>499</left>
					<top>896</top>
					<width>40</width>
					<height>40</height>
					<texture>pvr/PVR-IsRecording.png</texture>
					<animation effect="fade" start="100" end="40" time="960" pulse="true" condition="true">conditional</animation>
				</control>
				<control type="label" id="1">
					<left>480</left>
					<top>895</top>
					<width>880</width>
					<height>38</height>
					<font>font16</font>
					<align>left</align>
					<scroll>true</scroll>
					<label>[B]$INFO[VideoPlayer.Title][/B]</label>
					<visible>!String.IsEmpty(VideoPlayer.Title)</visible>
				</control>
			</control>
			<control type="label" id="1">
				<left>1300</left>
				<top>895</top>
				<width>250</width>
				<height>38</height>
				<font>font16</font>
				<align>right</align>
				<label>$INFO[VideoPlayer.TimeRemaining(hh:mm)]</label>
				<visible>!String.IsEmpty(VideoPlayer.Title)</visible>
			</control>
			<control type="label">
				<left>380</left>
				<top>965</top>
				<width>150</width>
				<height>38</height>
				<font>font16</font>
				<align>left</align>
				<textcolor>grey</textcolor>
				<label>$INFO[VideoPlayer.NextStartTime]</label>
				<visible>!String.IsEmpty(VideoPlayer.NextTitle)</visible>
			</control>
			<control type="label" id="1">
				<left>520</left>
				<top>965</top>
				<width>880</width>
				<height>38</height>
				<font>font16</font>
				<align>left</align>
				<textcolor>grey</textcolor>
				<scroll>true</scroll>
				<label>$INFO[VideoPlayer.NextTitle]</label>
				<visible>!String.IsEmpty(VideoPlayer.NextTitle)</visible>
			</control>
			<control type="label" id="1">
				<left>1300</left>
				<top>965</top>
				<width>250</width>
				<height>38</height>
				<font>font16</font>
				<align>right</align>
				<textcolor>grey</textcolor>
				<label>$INFO[VideoPlayer.NextEndTime]</label>
				<visible>!String.IsEmpty(VideoPlayer.NextTitle)</visible>
			</control>
			<control type="progress" id="1">
				<left>382</left>
				<top>944</top>
				<width>1170</width>
				<height>12</height>
				<info>Player.Progress</info>
				<colordiffuse>88FFFFFF</colordiffuse>
				<midtexture border="0" colordiffuse="themecolor">new_pvr/texturebg_white.png</midtexture>
				<texturebg border="3,0,3,0" colordiffuse="grey3">new_pvr/texturebg_white.png</texturebg>
			</control>
		</control>

		<!-- Bottom right Info (Stream status, SNR & Signal, Time-shift) -->
		<control type="group" id="1">
			<control type="group">
				<left>1330</left>
				<top>1017</top>
				<width>250</width>
				<visible>!String.Contains(PVR.ActStreamStatus,TIMESHIFT) + !Skin.HasSetting(infobar_hidesignalinfo)</visible>
				<control type="label" id="1">
					<width>250</width>
					<height>38</height>
					<font>font24_bold</font>
					<align>left</align>
					<textcolor>grey</textcolor>
					<label>SNR: $INFO[PVR.ActStreamSNR]</label>
				</control>
				<control type="label" id="1">
					<left>130</left>
					<width>250</width>
					<height>38</height>
					<font>font24_bold</font>
					<align>left</align>
					<textcolor>grey</textcolor>
					<label>AGC: $INFO[PVR.ActStreamSignal]</label>
				</control>
			</control>
			<control type="group">
				<left>1660</left>
				<top>1017</top>
				<visible>String.Contains(PVR.ActStreamStatus,TIMESHIFT)</visible>
				<control type="label" id="1">
					<width>250</width>
					<height>38</height>
					<font>font24_bold</font>
					<align>left</align>
					<textcolor>themecolor</textcolor>
					<label>TIMESHIFT</label>
				</control>
			</control>
			<!-- Tuner info -->
			<control type="group">
				<left>1460</left>
				<top>1017</top>
				<width>300</width>
				<visible>!Skin.HasSetting(infobar_hidetuners)</visible>
				<control type="label" id="1">
					<left>200</left>
					<width>150</width>
					<height>38</height>
					<font>font24_bold</font>
					<align>left</align>
					<textcolor>grey2</textcolor>
					<label>$LOCALIZE[31132]</label>
				</control>
				<control type="label" id="1">
					<left>295</left>
					<width>50</width>
					<height>38</height>
					<font>font24_bold</font>
					<align>left</align>
					<textcolor>grey2</textcolor>
					<label>A</label>
					<visible>!String.Contains(PVR.ActStreamDevice,#0)</visible>
				</control>
				<control type="label" id="1">
					<left>295</left>
					<width>50</width>
					<height>38</height>
					<font>font24_bold</font>
					<align>left</align>
					<textcolor>green</textcolor>
					<label>A</label>
					<visible>String.Contains(PVR.ActStreamDevice,#0)</visible>
				</control>
				<control type="label" id="1">
					<left>320</left>
					<width>50</width>
					<height>38</height>
					<font>font24_bold</font>
					<align>left</align>
					<textcolor>grey2</textcolor>
					<label>B</label>
					<visible>!String.Contains(PVR.ActStreamDevice,#1)</visible>
				</control>
				<control type="label" id="1">
					<left>320</left>
					<width>50</width>
					<height>38</height>
					<font>font24_bold</font>
					<align>left</align>
					<textcolor>green</textcolor>
					<label>B</label>
					<visible>String.Contains(PVR.ActStreamDevice,#1)</visible>
				</control>
				<control type="label" id="1">
					<left>345</left>
					<width>50</width>
					<height>38</height>
					<font>font24_bold</font>
					<align>left</align>
					<textcolor>grey2</textcolor>
					<label>C</label>
					<visible>!String.Contains(PVR.ActStreamDevice,#2)</visible>
				</control>
				<control type="label" id="1">
					<left>345</left>
					<width>50</width>
					<height>38</height>
					<font>font24_bold</font>
					<align>left</align>
					<textcolor>green</textcolor>
					<label>C</label>
					<visible>String.Contains(PVR.ActStreamDevice,#2)</visible>
				</control>
				<control type="label" id="1">
					<left>370</left>
					<width>50</width>
					<height>38</height>
					<font>font24_bold</font>
					<align>left</align>
					<textcolor>grey2</textcolor>
					<label>D</label>
					<visible>!String.Contains(PVR.ActStreamDevice,#3)</visible>
				</control>
				<control type="label" id="1">
					<left>370</left>
					<width>50</width>
					<height>38</height>
					<font>font24_bold</font>
					<align>left</align>
					<textcolor>green</textcolor>
					<label>D</label>
					<visible>String.Contains(PVR.ActStreamDevice,#3)</visible>
				</control>
			</control>
		</control>

		<!-- Media flags -->
		<control type="group" id="1">
			<animation effect="fade" start="0" end="100" time="400">WindowOpen</animation>
			<animation effect="fade" start="100" end="0" time="400">WindowClose</animation>
			<left>1550</left>
			<top>900</top>
			<control type="image" id="1">
				<left>-5</left>
				<top>20</top>
				<width>110</width>
				<height>80</height>
				<aspectratio align="center">keep</aspectratio>
				<texture colordiffuse="grey">$INFO[VideoPlayer.VideoAspect,new_pvr/flags/aspectratio/,.png]</texture>
			</control>

			<control type="image" id="1">
				<left>85</left>
				<top>-20</top>
				<width>110</width>
				<height>80</height>
				<aspectratio align="center">keep</aspectratio>
				<texture colordiffuse="grey">$INFO[VideoPlayer.VideoResolution,new_pvr/flags/resolution/,.png]</texture>
			</control>
			<control type="image" id="1">
				<left>200</left>
				<top>-20</top>
				<width>110</width>
				<height>80</height>
				<aspectratio align="center">keep</aspectratio>
				<texture colordiffuse="grey">$INFO[VideoPlayer.VideoCodec,new_pvr/flags/videocodec/,.png]</texture>
			</control>

			<control type="image" id="1">
				<left>85</left>
				<top>40</top>
				<width>110</width>
				<height>80</height>
				<aspectratio align="center">keep</aspectratio>
				<texture colordiffuse="grey">$INFO[VideoPlayer.AudioCodec,new_pvr/flags/audiocodec/,.png]</texture>
			</control>
			<control type="image" id="1">
				<left>200</left>
				<top>40</top>
				<width>110</width>
				<height>80</height>
				<aspectratio align="center">keep</aspectratio>
				<texture colordiffuse="grey">$INFO[VideoPlayer.AudioChannels,new_pvr/flags/audiochannels/,ch.png]</texture>
			</control>
		</control>

		<!-- Encryption -->
		<control type="group" id="1">
			<left>65</left>
			<top>1017</top>
			<control type="group">
				<visible>!Skin.HasSetting(infobar_hidetencrypt)</visible>
				<control type="label" id="1">
					<width>50</width>
					<height>38</height>
					<font>font24_bold</font>
					<align>left</align>
					<textcolor>grey</textcolor>
					<label>S</label>
				</control>
				<control type="label" id="1">
					<visible>String.Contains(PVR.ActStreamEncryptionName,01) | String.Contains(PVR.ActStreamEncryptionName,9F)</visible>
					<width>50</width>
					<height>38</height>
					<font>font24_bold</font>
					<align>left</align>
					<textcolor>green</textcolor>
					<label>S</label>
				</control>
				<control type="label" id="1">
					<left>30</left>
					<width>50</width>
					<height>38</height>
					<font>font24_bold</font>
					<align>left</align>
					<textcolor>grey</textcolor>
					<label>V</label>
				</control>
				<control type="label" id="1">
					<visible>String.Contains(PVR.ActStreamEncryptionName,5)</visible>
					<left>30</left>
					<width>50</width>
					<height>38</height>
					<font>font24_bold</font>
					<align>left</align>
					<textcolor>green</textcolor>
					<label>V</label>
				</control>
				<control type="label" id="1">
					<left>63</left>
					<width>50</width>
					<height>38</height>
					<font>font24_bold</font>
					<align>left</align>
					<textcolor>grey</textcolor>
					<label>I</label>
				</control>
				<control type="label" id="1">
					<visible>String.Contains(PVR.ActStreamEncryptionName,06)</visible>
					<left>63</left>
					<width>50</width>
					<height>38</height>
					<font>font24_bold</font>
					<align>left</align>
					<textcolor>green</textcolor>
					<label>I</label>
				</control>
				<control type="label" id="1">
					<left>85</left>
					<width>50</width>
					<height>38</height>
					<font>font24_bold</font>
					<align>left</align>
					<textcolor>grey</textcolor>
					<label>ND</label>
				</control>
				<control type="label" id="1">
					<visible>String.Contains(PVR.ActStreamEncryptionName,09)</visible>
					<left>85</left>
					<width>50</width>
					<height>38</height>
					<font>font24_bold</font>
					<align>left</align>
					<textcolor>green</textcolor>
					<label>ND</label>
				</control>
				<control type="label" id="1">
					<left>135</left>
					<width>50</width>
					<height>38</height>
					<font>font24_bold</font>
					<align>left</align>
					<textcolor>grey</textcolor>
					<label>CO</label>
				</control>
				<control type="label" id="1">
					<visible>String.Contains(PVR.ActStreamEncryptionName,0B)</visible>
					<left>135</left>
					<width>50</width>
					<height>38</height>
					<font>font24_bold</font>
					<align>left</align>
					<textcolor>green</textcolor>
					<label>CO</label>
				</control>
				<control type="label" id="1">
					<left>180</left>
					<width>50</width>
					<height>38</height>
					<font>font24_bold</font>
					<align>left</align>
					<textcolor>grey</textcolor>
					<label>CW</label>
				</control>
				<control type="label" id="1">
					<visible>String.Contains(PVR.ActStreamEncryptionName,0D)</visible>
					<left>180</left>
					<width>50</width>
					<height>38</height>
					<font>font24_bold</font>
					<align>left</align>
					<textcolor>green</textcolor>
					<label>CW</label>
				</control>
				<control type="label" id="1">
					<left>230</left>
					<width>70</width>
					<height>38</height>
					<font>font24_bold</font>
					<align>left</align>
					<textcolor>grey</textcolor>
					<label>B</label>
				</control>
				<control type="label" id="1">
					<visible>String.Contains(PVR.ActStreamEncryptionName,17)</visible>
					<left>230</left>
					<width>70</width>
					<height>38</height>
					<font>font24_bold</font>
					<align>left</align>
					<textcolor>green</textcolor>
					<label>B</label>
				</control>
				<control type="label" id="1">
					<left>258</left>
					<width>50</width>
					<height>38</height>
					<font>font24_bold</font>
					<align>left</align>
					<textcolor>grey</textcolor>
					<label>N</label>
				</control>
				<control type="label" id="1">
					<visible>String.Contains(PVR.ActStreamEncryptionName,18)</visible>
					<left>258</left>
					<width>50</width>
					<height>38</height>
					<font>font24_bold</font>
					<align>left</align>
					<textcolor>green</textcolor>
					<label>N</label>
				</control>
				<control type="label" id="1">
					<left>320</left>
					<width>1000</width>
					<height>38</height>
					<font>font24_bold</font>
					<align>left</align>
					<textcolor>green</textcolor>
					<label>$INFO[PVR.ActStreamEncryptionName]</label>
				</control>
			</control>
		</control>
	</include>
	<include name="FullScreenInfoBarLiveTV_Compact">
		<animation effect="fade" start="0" end="100" time="400">WindowOpen</animation>
		<animation effect="fade" start="100" end="0" time="400">WindowClose</animation>
		<top>830</top>
		<control type="group" id="1">
			<height>260</height>
			<width>1870</width>
			<control type="image" id="1">
				<top>-4</top>
				<left>25</left>
				<width>1870</width>
				<height>255</height>
				<texture border="35">dialogs/default/bg.png</texture>
				<animation effect="fade" end="95" condition="true">Conditional</animation>
			</control>
			<control type="image" id="1">
				<top>100</top>
				<left>380</left>
				<width>1480</width>
				<height>3</height>
				<texture border="0">new_pvr/osd_line_white.png</texture>
				<colordiffuse>white2</colordiffuse>
			</control>
		</control>
		<control type="group" id="2">
			<control type="image" id="3">
				<left>100</left>
				<top>26</top>
				<width>220</width>
				<height>190</height>
				<align>center</align>
				<texture>$INFO[VideoPlayer.Cover]</texture>
				<aspectratio>keep</aspectratio>
			</control>
		</control>

		<!-- Top Info (ChannelNr, Name, Date, Time) -->
		<control type="group" id="1">
			<top>18</top>
			<control type="label" id="1">
				<left>380</left>
				<width>350</width>
				<height>68</height>
				<align>left</align>
				<font>font65</font>
				<textcolor>themecolor</textcolor>
				<label>$INFO[VideoPlayer.ChannelNumber]</label>
				<scroll>true</scroll>
			</control>
			<control type="label" id="1">
				<left>480</left>
				<width>1000</width>
				<height>68</height>
				<align>left</align>
				<font>font65</font>
				<textcolor>themecolor</textcolor>
				<label>$INFO[VideoPlayer.ChannelName]</label>
				<scroll>true</scroll>
			</control>
			<control type="group" id="1">
				<left>1100</left>
				<height>70</height>
				<control type="image" id="1">
					<left>10</left>
					<width>100</width>
					<height>80</height>
					<aspectratio align="center" aligny="center">keep</aspectratio>
					<texture colordiffuse="white" fallback="flags/audio/defaultaspect.png">$INFO[VideoPlayer.VideoAspect,flags/aspectratio/,.png]</texture>
				</control>
				<control type="image" id="1">
					<left>100</left>
					<width>100</width>
					<height>80</height>
					<aspectratio align="center" aligny="center">keep</aspectratio>
					<texture colordiffuse="white" fallback="flags/audio/defaultscreen.png">$INFO[VideoPlayer.AudioChannels,new_pvr/flags/audiochannels/,ch.png]</texture>
				</control>
				<control type="image" id="1">
					<left>200</left>
					<width>100</width>
					<height>80</height>
					<aspectratio align="center" aligny="center">keep</aspectratio>
					<texture colordiffuse="white" fallback="flags/audio/defaultscreen.png">$INFO[VideoPlayer.AudioCodec,new_pvr/flags/audiocodec/,.png]</texture>
				</control>
				<control type="image" id="1">
					<left>300</left>
					<width>100</width>
					<height>80</height>
					<aspectratio align="center" aligny="center">keep</aspectratio>
					<texture colordiffuse="white" fallback="flags/source/defaultsource.png">$INFO[VideoPlayer.VideoCodec,new_pvr/flags/videocodec/,.png]</texture>
				</control>
				<control type="image" id="1">
					<left>400</left>
					<width>100</width>
					<height>80</height>
					<aspectratio align="center" aligny="center">keep</aspectratio>
					<texture colordiffuse="white" fallback="flags/audio/defaultscreen.png">$INFO[VideoPlayer.VideoResolution,new_pvr/flags/resolution/,.png]</texture>
				</control>
			</control>
			<control type="group" id="1">
				<visible>!String.IsEmpty(Weather.Plugin)</visible>
				<control type="label" id="1">
					<left>1610</left>
					<top>10</top>
					<width>250</width>
					<height>30</height>
					<align>center</align>
					<font>font24_bold</font>
					<textcolor>themecolor</textcolor>
					<label>$INFO[System.Date(DDD)]   $INFO[System.Date(dd.mm)]</label>
				</control>
				<control type="label" id="1">
					<left>1610</left>
					<top>40</top>
					<width>250</width>
					<height>30</height>
					<align>center</align>
					<font>font24_bold</font>
					<textcolor>themecolor</textcolor>
					<label>$INFO[Weather.Temperature]  $INFO[Weather.Conditions]</label>
				</control>
			</control>
			<control type="group" id="1">
				<visible>String.IsEmpty(Weather.Plugin)</visible>
				<control type="label" id="1">
					<left>1610</left>
					<top>10</top>
					<width>250</width>
					<height>30</height>
					<align>center</align>
					<font>font13b</font>
					<textcolor>themecolor</textcolor>
					<label>$INFO[System.Date(DDD)]</label>
				</control>
				<control type="label" id="1">
					<left>1610</left>
					<top>40</top>
					<width>250</width>
					<height>30</height>
					<align>center</align>
					<font>font13b</font>
					<textcolor>themecolor</textcolor>
					<label>$INFO[System.Date(dd.mm.yyyy)]</label>
				</control>
			</control>
			<control type="label" id="1">
				<left>1610</left>
				<top>115</top>
				<width>250</width>
				<height>60</height>
				<align>center</align>
				<font>font65</font>
				<textcolor>white2</textcolor>
				<label>[B]$INFO[System.Time(hh:mm xx)][/B]</label>
			</control>
		</control>

		<!-- Middle Info (Start\End times, Current\Next EPG, Progress-bar, Recording) -->
		<control type="group" id="1">
			<visible>VideoPlayer.HasEpg</visible>
			<top>112</top>
			<control type="label" id="1">
				<left>380</left>
				<width>150</width>
				<height>38</height>
				<font>font16</font>
				<align>left</align>
				<label>[B]$INFO[VideoPlayer.StartTime][/B]</label>
				<visible>!String.IsEmpty(VideoPlayer.Title)</visible>
			</control>
			<control type="label" id="1">
				<left>535</left>
				<width>865</width>
				<height>38</height>
				<font>font16</font>
				<align>left</align>
				<scroll>true</scroll>
				<label>[B]$INFO[VideoPlayer.Title][/B]</label>
				<visible>!String.IsEmpty(VideoPlayer.Title)</visible>
				<visible>![VideoPlayer.Content(LiveTV) + Player.Recording]</visible>
			</control>
			<control type="label" id="1">
				<left>1450</left>
				<width>150</width>
				<height>38</height>
				<font>font16</font>
				<align>right</align>
				<label>[B]$INFO[VideoPlayer.TimeRemaining(hh:mm)][/B]</label>
				<visible>!String.IsEmpty(VideoPlayer.Title)</visible>
			</control>
			<control type="group" id="1">
				<visible>VideoPlayer.Content(LiveTV) + Player.Recording</visible>
				<control type="image" id="1">
					<left>499</left>
					<width>40</width>
					<height>40</height>
					<texture>pvr/PVR-IsRecording.png</texture>
					<animation effect="fade" start="100" end="40" time="960" pulse="true" condition="true">conditional</animation>
				</control>
				<control type="label" id="1">
					<left>535</left>
					<width>865</width>
					<height>38</height>
					<font>font16</font>
					<align>left</align>
					<scroll>true</scroll>
					<label>[B]$INFO[VideoPlayer.Title][/B]</label>
					<visible>!String.IsEmpty(VideoPlayer.Title)</visible>
				</control>
			</control>
			<control type="label" id="1">
				<left>380</left>
				<top>70</top>
				<width>150</width>
				<height>38</height>
				<font>font16</font>
				<align>left</align>
				<textcolor>grey</textcolor>
				<label>$INFO[VideoPlayer.NextStartTime]</label>
				<visible>!String.IsEmpty(VideoPlayer.NextTitle)</visible>
			</control>
			<control type="label" id="1">
				<left>535</left>
				<top>70</top>
				<width>880</width>
				<height>38</height>
				<font>font16</font>
				<align>left</align>
				<textcolor>grey</textcolor>
				<scroll>true</scroll>
				<label>$INFO[VideoPlayer.NextTitle]</label>
				<visible>!String.IsEmpty(VideoPlayer.NextTitle)</visible>
			</control>
			<control type="label" id="1">
				<left>1450</left>
				<top>70</top>
				<width>150</width>
				<height>38</height>
				<font>font16</font>
				<align>right</align>
				<textcolor>grey</textcolor>
				<label>$INFO[VideoPlayer.NextEndTime]</label>
				<visible>!String.IsEmpty(VideoPlayer.NextTitle)</visible>
			</control>
			<control type="progress" id="1">
				<left>380</left>
				<top>50</top>
				<width>1225</width>
				<height>10</height>
				<info>Pvr.Progress</info>
				<midtexture border="0" colordiffuse="themecolor">new_pvr/texturebg_white.png</midtexture>
				<texturebg border="3,0,3,0" colordiffuse="grey3">new_pvr/texturebg_white.png</texturebg>
				<lefttexture>-</lefttexture>
				<righttexture>-</righttexture>
			</control>
		</control>
		<control type="group" id="1">
			<visible>!VideoPlayer.HasEpg</visible>
			<top>107</top>
			<left>380</left>
			<control type="label" id="1">
				<width>865</width>
				<height>38</height>
				<font>font16</font>
				<align>left</align>
				<scroll>true</scroll>
				<label>[B]No EPG[/B]</label>
				<visible>!String.IsEmpty(VideoPlayer.Title)</visible>
				<visible>![VideoPlayer.Content(LiveTV) + Player.Recording]</visible>
			</control>
		</control>
	</include>

	<variable name="GuideChannelListTypeOptionsClickVar">
		<value condition="String.IsEmpty(Skin.String(LiveTV.EpgViewChannels))">Skin.SetString(LiveTV.EpgViewChannels,1)</value>
		<value condition="String.IsEqual(Skin.String(LiveTV.EpgViewChannels),1)">Skin.SetString(LiveTV.EpgViewChannels,2)</value>
		<value condition="String.IsEqual(Skin.String(LiveTV.EpgViewChannels),2)">Skin.Reset(LiveTV.EpgViewChannels)</value>
	</variable>
	<variable name="GuideChannelListTypeOptionsLabelVar">
		<value condition="String.IsEqual(Skin.String(LiveTV.EpgViewChannels),1)">Icon only</value>
		<value condition="String.IsEqual(Skin.String(LiveTV.EpgViewChannels),2)">Name &amp; Icon</value>
		<value>Name only</value>
	</variable>

	<variable name="GuideTimelineViewOptionsClickVar">
		<value condition="String.IsEmpty(Skin.String(LiveTV.EpgViewType))">Skin.SetString(LiveTV.EpgViewType,1)</value>
		<value condition="String.IsEqual(Skin.String(LiveTV.EpgViewType),1)">Skin.SetString(LiveTV.EpgViewType,2)</value>
		<value condition="String.IsEqual(Skin.String(LiveTV.EpgViewType),2)">Skin.Reset(LiveTV.EpgViewType)</value>
	</variable>
	<variable name="GuideTimelineViewTypeOptionsLabelVar">
		<value condition="String.IsEqual(Skin.String(LiveTV.EpgViewType),1)">Minified</value>
		<value condition="String.IsEqual(Skin.String(LiveTV.EpgViewType),2)">Large</value>
		<value>Standard</value>
	</variable>

	<variable name="LiveTvInfobarTypeOptionsClickVar">
		<value condition="String.IsEmpty(Skin.String(LiveTV.InfobarType))">Skin.SetString(LiveTV.InfobarType,1)</value>
		<value condition="String.IsEqual(Skin.String(LiveTV.InfobarType),1)">Skin.Reset(LiveTV.InfobarType)</value>
		<!-- <value condition="String.IsEqual(Skin.String(LiveTV.InfobarType),2)">Skin.Reset(LiveTV.InfobarType)</value> -->
	</variable>
	<variable name="LiveTvInfobarTypeOptionsLabelVar">
		<value condition="String.IsEqual(Skin.String(LiveTV.InfobarType),1)">Compact</value>
		<!-- <value condition="String.IsEqual(Skin.String(LiveTV.InfobarType),2)">Faded</value> -->
		<value>Standard</value>
	</variable>

	<include name="SystemCenterPanel">
		<control type="image">
			<left>50</left>
			<top>0</top>
			<width>1820</width>
			<height>904</height>
			<texture border="40">listpanel_back.png</texture>
		</control>
	</include>
</includes>