<?xml version="1.0" encoding="UTF-8"?>
<window>
	<defaultcontrol always="true">4012</defaultcontrol>
	<controls>
		<control type="group">
			<animation effect="slide" start="0,255" end="0,0" time="300">WindowOpen</animation>
			<control type="image">
				<top>955</top>
				<width>1920</width>
				<height>125</height>
				<texture colordiffuse="aaffffff">black.png</texture>
			</control>
			<control type="image" id="80056">
				<left>0</left>
				<top>827</top>
				<width>450</width>
				<height>253</height>
				<aspectratio aligny="bottom">keep</aspectratio>
				<texture background="true">$VAR[PlayerArtworkVar]</texture>
			</control>
			<control type="image">
				<left>10</left>
				<top>827</top>
				<width>450</width>
				<height>253</height>
				<texture>$INFO[Control.GetLabel(4002)]</texture>
				<aspectratio aligny="bottom">scale</aspectratio>
				<bordertexture border="20">thumbs/thumb_shadow.png</bordertexture>
				<bordersize>20</bordersize>
				<visible>String.IsEmpty(Control.GetLabel(80056))</visible>
			</control>
			<control type="group">
				<left>450</left>
				<top>955</top>
				<control type="label">
					<top>10</top>
					<height>40</height>
					<width>1270</width>
					<font>font15</font>
					<textoffsetx>15</textoffsetx>
					<textcolor>themecolor</textcolor>
					<shadowcolor>black</shadowcolor>
					<label>$ADDON[service.nextup.notification 30012]</label>
				</control>
				<control type="label">
					<top>55</top>
					<height>60</height>
					<width>1270</width>
					<font>font48_title</font>
					<textoffsetx>20</textoffsetx>
					<shadowcolor>black</shadowcolor>
					<scroll>true</scroll>
					<label>$INFO[Control.GetLabel(4008),[COLOR=grey2],]$INFO[Control.GetLabel(4009),x,.[/COLOR]]$INFO[Control.GetLabel(4010), ,]</label>
				</control>
				<control type="button" id="4012">
					<description>Still watching</description>
					<left>1270</left>
					<top>12.5</top>
					<width>100</width>
					<height>100</height>
					<onleft>4013</onleft>
					<onright>4013</onright>
					<texturefocus>osd/buttons/OSDPlayFO.png</texturefocus>
					<texturenofocus>osd/buttons/OSDPlayNF.png</texturenofocus>
				</control>
				<control type="button" id="4013">
					<description>Cancel</description>
					<left>1360</left>
					<top>12.5</top>
					<width>100</width>
					<height>100</height>
					<onleft>4012</onleft>
					<onright>4012</onright>
					<texturefocus>osd/buttons/OSDStopFO.png</texturefocus>
					<texturenofocus>osd/buttons/OSDStopNF.png</texturenofocus>
				</control>
			</control>
		</control>
		<control type="group">
			<visible>false</visible>
			<control type="label" id="4000">
				<description>label</description>
			</control>
			<control type="image" id="4001">
				<description>poster</description>
			</control>
			<control type="image" id="4002">
				<description>ep thumb</description>
			</control>
			<control type="label" id="4003">
				<description>rating</description>
			</control>
			<control type="label" id="4004">
				<description>first aired</description>
			</control>
			<control type="image" id="4005">
				<description>landscape</description>
			</control>
			<control type="textbox" id="4006">
				<description>Plot</description>
			</control>
			<control type="label" id="4008">
				<description>season number</description>
			</control>
			<control type="label" id="4009">
				<description>episode number</description>
			</control>
			<control type="label" id="4010">
				<description>title</description>
			</control>
		</control>
	</controls>
</window>