﻿<?xml version="1.0" encoding="UTF-8" standalone="yes"?>
<addon id="plugin.video.greek.tv" name="Greek TV" version="0.0.7.2" provider-name="twilight0">
	<requires>
		<import addon="xbmc.python" version="2.1.0"/>
		<import addon="script.module.requests" version="1.0.0"/>
		<import addon="script.module.simplejson"/>
		<import addon="script.module.parsedom"/>
		<import addon="script.module.urlresolver" optional="true"/>
		<import addon="plugin.video.youtube" optional="true"/>
	</requires>
	<extension point="xbmc.python.pluginsource" library="addon.py">
		<provides>video audio</provides>
	</extension>
	<extension point="xbmc.addon.metadata">
		<summary lang="en">Greek television</summary>
		<summary lang="el">Ελληνική τηλεόραση</summary>
		<description lang="en">Greek TV is a Hellenic TV derived add-on developed by lambda. Please visit www.TVADDONS.ag for support</description>
		<disclaimer lang="en">Τhis addon offers content available in Greece.</disclaimer>
		<disclaimer lang="el">Το πρόσθετο αυτό προσφέρει περιεχόμενο διαθέσιμο στην Ελλάδα.</disclaimer>
		<forum>https://forums.tvaddons.ag/addon-releases/43897-greek-tv-hellenic-tv-derived-add.html</forum>
		<source>https://github.com/Twilight0/repo.twilight0/tree/master/plugin.video.greek.tv</source>
		<website>https://github.com/Twilight0/repo.twilight0/tree/master/plugin.video.greek.tv</website>
		<platform>all</platform>
	</extension>
</addon>
