<?xml version="1.0" encoding="UTF-8" standalone="yes"?>
<addon id="plugin.program.Hermis" name="Hermis Wizard" version="1.0.3" provider-name="Twilight0">
  <requires>
    <import addon="xbmc.python" version="2.1.0"/>
  </requires>
  <extension point="xbmc.python.pluginsource" library="default.py">
        <provides>executable</provides>
  </extension>
  <extension point="xbmc.addon.metadata">
    <summary lang="en">Hermis Wizard</summary>
    <description lang="en">Hermis Wizard installs a lightweight build optimized for Greek users</description>
    <platform>all</platform>
  </extension>
</addon>
