<?xml version="1.0" encoding="UTF-8"?>
<window id="1132" type="dialog">
	<defaultcontrol always="true">61</defaultcontrol>
	<animation effect="fade" time="500">WindowOpen</animation>
	<animation effect="fade" time="300">WindowClose</animation>
	<onunload>ClearProperty(TextViewerHeader,Home)</onunload>
	<onunload>ClearProperty(TextViewerContent,Home)</onunload>
	<controls>
		<control type="group">
			<include>dialogeffect</include>
			<left>100</left>
			<top>88</top>
			<control type="image">
				<left>490</left>
				<top>0</top>
				<width>1380</width>
				<height>904</height>
				<texture border="40">listpanel_back.png</texture>
			</control>
			<control type="label">
				<description>header label</description>
				<left>552</left>
				<top>32</top>
				<width>1256</width>
				<height>40</height>
				<font>font15_title</font>
				<align>center</align>
				<textcolor>dialogheader</textcolor>
				<label>$INFO[Window(Home).Property(TextViewerHeader)]</label>
			</control>
			<control type="textbox">
				<description>textarea</description>
				<left>552</left>
				<top>72</top>
				<width>1256</width>
				<height>800</height>
				<font>font15_textbox</font>
				<align>left</align>
				<textcolor>grey2</textcolor>
				<pagecontrol>61</pagecontrol>
				<label>$INFO[Window(Home).Property(TextViewerContent)]</label>
			</control>
			<control type="scrollbar" id="61">
				<left>1838</left>
				<top>32</top>
				<width>14</width>
				<height>840</height>
				<ondown>61</ondown>
				<onup>61</onup>
				<showonepage>false</showonepage>
				<texturesliderbackground>-</texturesliderbackground>
				<texturesliderbar colordiffuse="55ffffff" border="1">scrollbar/texturesliderbar2.png</texturesliderbar>
				<texturesliderbarfocus border="1">scrollbar/texturesliderbar2.png</texturesliderbarfocus>
				<orientation>vertical</orientation>
			</control>
		</control>
	</controls>
</window>