<?xml version="1.0" encoding="UTF-8"?>
<window>
	<coordinates>
		<left>880</left>
		<top>33</top>
	</coordinates>
	<include>Animation_DialogPopup</include>
	<controls>
		<control type="group">
			<visible>String.IsEmpty(Window(Home).Property(script.cinemavision.running))</visible>
			<control type="image">
				<description>background image</description>
				<left>0</left>
				<top>0</top>
				<width>800</width>
				<height>164</height>
				<texture border="32">dialog_back3.png</texture>
			</control>
			<control type="progress" id="10">
				<description>progress control</description>
				<left>31</left>
				<top>31</top>
				<width>739</width>
				<height>101</height>
				<texturebg border="2">osd/texturebg2.png</texturebg>
				<lefttexture>-</lefttexture>
				<midtexture border="2">osd/midtexture.png</midtexture>
				<righttexture>-</righttexture>
				<overlaytexture>-</overlaytexture>
			</control>
			<control type="group">
				<visible>!System.Platform.Linux.RaspberryPi</visible>
				<control type="image">
					<description>Busy animation</description>
					<left>34</left>
					<top>34</top>
					<width>96</width>
					<height>96</height>
					<texture>android/spinner_48_inner_holo.png</texture>
					<aspectratio>keep</aspectratio>
					<animation effect="rotate" start="0" end="360" center="auto" time="2000" loop="true" condition="true">conditional</animation>
				</control>
				<control type="image">
					<description>Busy animation</description>
					<left>34</left>
					<top>34</top>
					<width>96</width>
					<height>96</height>
					<texture>android/spinner_48_outer_holo.png</texture>
					<aspectratio>keep</aspectratio>
					<animation effect="rotate" start="360" end="0" center="auto" time="2000" loop="true" condition="true">conditional</animation>
				</control>
			</control>
			<control type="list">
				<left>150</left>
				<top>32</top>
				<width>180</width>
				<height>100</height>
				<scrolltime tween="quadratic" easing="out">0</scrolltime>
				<autoscroll time="1000" repeat="1000">true</autoscroll>
				<orientation>vertical</orientation>
				<itemlayout height="100">
					<control type="label">
						<description>Busy label</description>
						<left>0</left>
						<top>0</top>
						<width>180</width>
						<height>100</height>
						<align>left</align>
						<aligny>center</aligny>
						<label>$INFO[ListItem.Label]</label>
						<font>font15_title</font>
					</control>
				</itemlayout>
				<focusedlayout height="100">
					<control type="label">
						<description>Busy label</description>
						<left>0</left>
						<top>0</top>
						<width>180</width>
						<height>100</height>
						<align>left</align>
						<aligny>center</aligny>
						<label>$INFO[ListItem.Label]</label>
						<font>font15_title</font>
					</control>
				</focusedlayout>
				<content>
					<item>
						<label>$LOCALIZE[31004]</label>
						<onclick>noop</onclick>
					</item>
					<item>
						<label>$LOCALIZE[31004].</label>
						<onclick>noop</onclick>
					</item>
					<item>
						<label>$LOCALIZE[31004]..</label>
						<onclick>noop</onclick>
					</item>
					<item>
						<label>$LOCALIZE[31004]...</label>
						<onclick>noop</onclick>
					</item>
				</content>
			</control>
		</control>
	</controls>
</window>