<?xml version="1.0" encoding="UTF-8"?>
<window>
	<defaultcontrol always="true">9000</defaultcontrol>
	<allowoverlay>no</allowoverlay>
	<controls>
		<control type="group">
			<animation effect="slide" start="-729,0" end="0,0" time="500" tween="quadratic">WindowOpen</animation>
			<animation effect="slide" end="-729,0" time="500" tween="quadratic">WindowClose</animation>
			<control type="image">
				<width>729</width>
				<height>1080</height>
				<aspectratio aligny="top">scale</aspectratio>
				<texture background="true" fallback="black.png">$INFO[Window.Property(Poster)]</texture>
			</control>
			<control type="image">
				<width>729</width>
				<height>1080</height>
				<aspectratio aligny="top">scale</aspectratio>
				<texture background="true" fallback="black.png">$INFO[Window.Property(set.thumb)]</texture>
				<animation effect="fade" start="0" end="100" time="500" tween="sine" easing="inout">VisibleChange</animation>
				<visible>Integer.IsGreater(Container(250).NumItems,0) + ControlGroup(9000).HasFocus(208) + !String.IsEmpty(Window.Property(Set)) + !String.IsEmpty(Window.Property(set.thumb))</visible>
			</control>
		</control>
		<control type="group">
			<animation effect="slide" start="1882,0" end="0,0" time="500" tween="quadratic">WindowOpen</animation>
			<animation effect="slide" end="1882,0" time="500" tween="quadratic">WindowClose</animation>
			<left>729</left>
			<control type="image">
				<width>1832</width>
				<height>1080</height>
				<aspectratio align="center">scale</aspectratio>
				<texture background="true" fallback="black.png">$INFO[Window.Property(fanart)]</texture>
			</control>
			<control type="image">
				<width>1832</width>
				<height>1080</height>
				<texture border="4">dialogs/info/info_rightpaneltop.png</texture>
			</control>
			<control type="group">
				<left>40</left>
				<top>20</top>
				<width>1682</width>
				<height>854</height>
				<control type="grouplist">
					<top>-20</top>
					<width>1682</width>
					<height>110</height>
					<itemgap>0</itemgap>
					<align>center</align>
					<control type="label">
						<width>1682</width>
						<height>60</height>
						<aligny>center</aligny>
						<align>left</align>
						<font>font30_title_bold</font>
						<textcolor>grey</textcolor>
						<scroll>true</scroll>
						<label>$INFO[Window.Property(Title)]</label>
					</control>
					<control type="label">
						<width>1682</width>
						<height>30</height>
						<aligny>center</aligny>
						<align>left</align>
						<font>font15</font>
						<textcolor>labelheader</textcolor>
						<scroll>true</scroll>
						<label>$INFO[Window.Property(tagline)]</label>
						<visible>!String.IsEmpty(Window.Property(tagline))</visible>
					</control>
				</control>
				<control type="image">
					<left>1682</left>
					<top>0</top>
					<width>149</width>
					<height>60</height>
					<texture>special://home/addons/script.extendedinfo/resources/skins/Default/media/moviedb.png</texture>
					<aspectratio align="left" aligny="center">keep</aspectratio>                   
				</control>
				<control type="image">
					<left>-37</left>
					<top>32</top>
					<width>1828</width>
					<height>60</height>
					<texture border="1">separator2.png</texture>
				</control>
				<control type="grouplist">
					<left>0</left>
					<top>95</top>
					<width>1828</width>
					<height>90</height>
					<itemgap>0</itemgap>
					<align>left</align>
					<orientation>horizontal</orientation>
					<control type="label">
						<width>140</width>
						<height>90</height>
						<align>left</align>
						<label>[B]$INFO[Window.Property(year)][/B]</label>
						<font>font35_title</font>
						<textcolor>grey</textcolor>
					</control>
					<control type="image">
						<width>2</width>
						<height>90</height>
						<texture border="1">separator3.png</texture>
					</control>
					<control type="group">
						<width>198</width>
						<control type="group">
							<visible>!Integer.IsGreater(Container(1450).NumItems,0)</visible>
							<control type="image" id="800011">
								<colordiffuse>grey</colordiffuse>
								<width>198</width>
								<include>MediaFlagVars</include>
								<bordersize>2</bordersize>
								<texture>$INFO[Container(550).ListItem.Label,resource://resource.images.studios.white/,.png]</texture>
							</control> 
							<control type="label">
								<left>0</left>
								<width>198</width>
								<height>90</height>
								<align>center</align>
								<label>$INFO[Container(550).ListItem.label]</label>
								<font>font10</font>
								<textcolor>grey</textcolor>
								<wrapmultiline>true</wrapmultiline>
								<visible>String.IsEmpty(Control.GetLabel(800011))</visible>
							</control>
						</control>
						<control type="group">
							<visible>Integer.IsGreater(Container(1450).NumItems,0)</visible>
							<control type="image" id="800012">
								<colordiffuse>grey</colordiffuse>
								<width>198</width>
								<include>MediaFlagVars</include>
								<bordersize>2</bordersize>
								<texture>$INFO[Container(1450).ListItem.label,resource://resource.images.studios.white/,.png]</texture>
							</control>
							<control type="label">
								<left>0</left>
								<width>198</width>
								<height>90</height>
								<align>center</align>
								<label>$INFO[Container(1450).ListItem.label]</label>
								<font>font10</font>
								<textcolor>grey</textcolor>
								<wrapmultiline>true</wrapmultiline>
								<visible>String.IsEmpty(Control.GetLabel(800012))</visible>
							</control>
						</control>
					</control>
					<control type="image">
						<width>2</width>
						<height>90</height>
						<texture border="1">separator3.png</texture>
					</control>
					<control type="image">
						<width>198</width>
						<colordiffuse>grey</colordiffuse>
						<include>MediaFlagVars</include>
						<texture fallback="flags/mpaa/NR.png">$INFO[Window.Property(mpaa),flags/mpaa/,.png]</texture>
					</control>
					<control type="image">
						<width>2</width>
						<height>90</height>
						<texture border="1">separator3.png</texture>
					</control>
					<control type="group">
						<width>160</width>
						<visible>!String.IsEqual(Window.Property(Duration),0) + !String.IsEmpty(Window.Property(Duration))</visible>
						<control type="label">
							<left>0</left>
							<top>2</top>
							<width>160</width>
							<height>60</height>
							<align>center</align>
							<label>[B]$INFO[Window.Property(Duration)][/B]</label>
							<font>font48</font>
							<textcolor>grey</textcolor>
						</control>
						<control type="label">
							<top>52</top>
							<width>160</width>
							<height>30</height>
							<align>center</align>
							<label>[LOWERCASE]$LOCALIZE[12391][/LOWERCASE]</label>
							<font>font12</font>
							<textcolor>grey</textcolor>
						</control>
					</control>
					<control type="image">
						<width>2</width>
						<height>90</height>
						<texture border="1">separator3.png</texture>
					</control>
					<control type="group">
						<visible>!String.IsEmpty(Window.Property(rating))</visible>
						<width>200</width>
						<control type="label">
							<left>0</left>
							<top>2</top>
							<width>200</width>
							<height>60</height>
							<align>center</align>
							<label>[B]$INFO[Window.Property(rating)][/B]</label>
							<font>font48</font>
							<textcolor>grey</textcolor>
						</control>
						<control type="label">
							<top>52</top>
							<width>200</width>
							<height>30</height>
							<align>center</align>
							<label>[LOWERCASE]$INFO[Window.Property(votes),, Votes][/LOWERCASE]</label>
							<font>font12</font>
							<textcolor>grey</textcolor>
						</control>
					</control>
					<control type="image">
						<width>2</width>
						<height>90</height>
						<texture border="1">separator3.png</texture>
						<visible>!String.IsEmpty(Window.Property(rating))</visible>
					</control>
					<control type="group">
						<visible>!String.IsEmpty(Window.Property(rated))</visible>
						<width>200</width>
						<control type="label">
							<left>0</left>
							<top>2</top>
							<width>200</width>
							<height>60</height>
							<align>center</align>
							<label>[B]$INFO[Window.Property(rated)][/B]</label>
							<font>font48</font>
							<textcolor>grey</textcolor>
						</control>
						<control type="label">
							<top>52</top>
							<width>200</width>
							<height>30</height>
							<align>center</align>
							<label>[LOWERCASE]$ADDON[script.extendedinfo 32131][/LOWERCASE]</label>
							<font>font12</font>
							<textcolor>grey</textcolor>
						</control>
					</control>
					<control type="image">
						<width>2</width>
						<height>90</height>
						<texture border="1">separator3.png</texture>
						<visible>!String.IsEmpty(Window.Property(rated))</visible>
					</control>
					<control type="group">
						<visible>!String.IsEmpty(Window.Property(Top250))</visible>
						<width>200</width>
						<control type="label">
							<left>0</left>
							<top>2</top>
							<width>200</width>
							<height>60</height>
							<align>center</align>
							<label>[B]$INFO[Window.Property(Top250)][/B]</label>
							<font>font48</font>
							<wrapmultiline>true</wrapmultiline>
							<textcolor>grey</textcolor>
						</control>
						<control type="label">
							<top>52</top>
							<width>200</width>
							<height>30</height>
							<align>center</align>
							<label>[LOWERCASE]$LOCALIZE[13409][/LOWERCASE]</label>
							<font>font12</font>
							<textcolor>grey</textcolor>
						</control>
					</control>
					<control type="image">
						<width>2</width>
						<height>90</height>
						<texture border="1">separator3.png</texture>
						<visible>!String.IsEmpty(ListItem.Top250)</visible>
					</control> 
				</control>
				<control type="image">
					<left>-37</left>
					<top>126</top>
					<width>1828</width>
					<height>60</height>
					<texture border="1">separator2.png</texture>
				</control>
				<control type="panel" id="300">
					<left>-36</left>
					<top>184</top>
					<width>1828</width>
					<height>306</height>
					<onup>4002</onup>
					<ondown>9000</ondown>
					<orientation>horizontal</orientation>
					<scrolltime tween="quadratic" easing="out">200</scrolltime>
					<itemlayout height="102" width="594">
						<control type="image">
							<top>42</top>
							<width>594</width>
							<height>60</height>
							<texture border="1">separator2.png</texture>
						</control>
						<control type="label">
							<top>50</top>
							<width>594</width>
							<height>40</height>
							<font>font15</font>
							<textcolor>grey</textcolor>
							<selectedcolor>selected</selectedcolor>
							<label>$INFO[ListItem.Label]</label>
							<textoffsetx>36</textoffsetx>
						</control>
						<control type="label">
							<top>5</top>
							<width>594</width>
							<height>40</height>
							<font>font15</font>
							<textcolor>labelheader</textcolor>
							<selectedcolor>selected</selectedcolor>
							<label>$INFO[ListItem.Label2]</label>
							<textoffsetx>36</textoffsetx>
						</control>
					</itemlayout>
					<focusedlayout height="102" width="594">
						<control type="image">
							<top>42</top>
							<width>594</width>
							<height>60</height>
							<texture border="1">separator2.png</texture>
						</control>
						<control type="image">
							<top>1</top>
							<width>594</width>
							<height>100</height>
							<texture border="4">listselect_fo.png</texture>
							<visible>Control.HasFocus(300)</visible>
							<include>VisibleFadeEffect</include>
						</control>
						<control type="label">
							<top>50</top>
							<width>594</width>
							<height>40</height>
							<font>font15</font>
							<textcolor>white</textcolor>
							<selectedcolor>selected</selectedcolor>
							<label>$INFO[ListItem.Label]</label>
							<textoffsetx>36</textoffsetx>
						</control>
						<control type="label">
							<top>5</top>
							<width>594</width>
							<height>40</height>
							<font>font15</font>
							<textcolor>white</textcolor>
							<selectedcolor>selected</selectedcolor>
							<label>$INFO[ListItem.Label2]</label>
							<textoffsetx>36</textoffsetx>
						</control>
					</focusedlayout>
					<content>
						<item>
							<label>$INFO[Window.Property(originaltitle)]</label>
							<label2>$LOCALIZE[20376]:</label2>
							<onclick>noop</onclick>
							<visible>!String.IsEmpty(Window.Property(originaltitle)) + !String.IsEqual(Window.Property(originaltitle),Window.Property(Title))</visible>
						</item>
						<item>
							<label>$INFO[Window.Property(director)]</label>
							<label2>$LOCALIZE[20339]:</label2>
							<onclick>noop</onclick>
							<visible>!String.IsEmpty(Window.Property(director))</visible>
						</item>
						<item>
							<label>$INFO[Window.Property(writer)]</label>
							<label2>$LOCALIZE[20417]:</label2>
							<onclick>noop</onclick>
							<visible>!String.IsEmpty(Window.Property(writer))</visible>
						</item>
						<item>
							<label>$INFO[Window.Property(genre)]</label>
							<label2>$LOCALIZE[515]:</label2>
							<onclick>noop</onclick>
							<visible>!String.IsEmpty(Window.Property(genre))</visible>
						</item>
						<item>
							<label>$INFO[Window.Property(releasedate)]</label>
							<label2 fallback="$LOCALIZE[172]:">$INFO[Window.Property(Status),,:]</label2>
							<onclick>noop</onclick>
							<visible>!String.IsEmpty(Window.Property(releasedate))</visible>
						</item>
						<item>
							<label>$INFO[Window.Property(country)]</label>
							<label2>$LOCALIZE[574]:</label2>
							<onclick>noop</onclick>
							<visible>!String.IsEmpty(Window.Property(country))</visible>
						</item>
						<item>
							<label>$INFO[Window.Property(lastplayed)]</label>
							<label2>$LOCALIZE[568]:</label2>
							<onclick>noop</onclick>
							<visible>!String.IsEmpty(Window.Property(DBID)) + !String.IsEmpty(Window.Property(lastplayed))</visible>
						</item>
						<item>
							<label>$INFO[Window.Property(FilenameAndPath)]</label>
							<label2>$LOCALIZE[573]:</label2>
							<onclick>Dialog.Close(movieinformation)</onclick>
							<onclick>ActivateWindow(Videos,$INFO[ListItem.Path],return)</onclick>
							<visible>!String.IsEmpty(Window.Property(DBID)) + !String.IsEmpty(Window.Property(FilenameAndPath))</visible>
						</item>
						<item>
							<label>$INFO[Window.Property(playcount)]</label>
							<label2>$LOCALIZE[567]:</label2>
							<onclick>noop</onclick>
							<visible>!String.IsEmpty(Window.Property(DBID)) + !String.IsEmpty(Window.Property(playcount))</visible>
						</item>
						<item>
							<label>$INFO[Window.Property(PercentPlayed),(,%)]</label>
							<label2>$LOCALIZE[575]:</label2>
							<onclick>noop</onclick>
							<visible>!String.IsEmpty(Window.Property(DBID)) + Integer.IsGreater(Window.Property(PercentPlayed),0)</visible>
						</item>
						<item>
							<label>$INFO[Window.Property(Budget),$]</label>
							<label2>$ADDON[script.extendedinfo 32109]:</label2>
							<onclick>noop</onclick>
							<visible>!String.IsEmpty(Window.Property(Budget))</visible>
						</item>
						<item>
							<label>$INFO[Window.Property(Revenue),$]</label>
							<label2>$ADDON[script.extendedinfo 32108]:</label2>
							<onclick>noop</onclick>
							<visible>!String.IsEmpty(Window.Property(Revenue))</visible>
						</item>
						<item>
							<label>[UPPERCASE]$INFO[Window.Property(AudioLanguage.1)][/UPPERCASE]</label>
							<label2>$LOCALIZE[21447]:</label2>
							<onclick>noop</onclick>
							<visible>!String.IsEmpty(Window.Property(DBID)) + !String.IsEmpty(Window.Property(AudioLanguage.1))</visible>
						</item>
						<item>
							<label>[UPPERCASE]$INFO[Window.Property(SubtitleLanguage.1)][/UPPERCASE]</label>
							<label2>$LOCALIZE[21448]:</label2>
							<onclick>noop</onclick>
							<visible>!String.IsEmpty(Window.Property(DBID)) + !String.IsEmpty(Window.Property(SubtitleLanguage.1))</visible>
						</item>
					</content>
				</control>
				<control type="group">
					<left>-37</left>
					<top>970</top>
					<control type="image">
						<top>-60</top>
						<width>1828</width>
						<height>60</height>
						<texture border="1">separator2.png</texture>
					</control>
					<control type="grouplist">
						<left>0</left>
						<top>0</top>
						<width>1828</width>
						<height>90</height>
						<align>left</align>
						<itemgap>0</itemgap>
						<orientation>horizontal</orientation>
						<animation effect="fade" start="0" end="100" time="500" tween="sine" easing="inout">VisibleChange</animation>
						<visible>!String.IsEmpty(Window.Property(DBID))</visible>
						<visible>!ControlGroup(9001).HasFocus</visible>
						<control type="image">
							<width>198</width>
							<colordiffuse>grey</colordiffuse>
							<include>MediaFlagVars</include>
							<texture>$INFO[Window.Property(VideoResolution),flags/resolution/,.png]</texture>
							<visible>!String.IsEmpty(Window.Property(VideoResolution))</visible>
						</control>
						<control type="image">
							<width>2</width>
							<height>90</height>
							<texture border="1">separator3.png</texture>
						</control>
						<control type="image">
							<width>198</width>
							<colordiffuse>grey</colordiffuse>
							<include>MediaFlagVars</include>
							<texture>$INFO[Window.Property(AudioCodec),flags/audio/,.png]</texture>
							<visible>!String.IsEmpty(Window.Property(AudioCodec))</visible>
						</control>
						<control type="image">
							<width>2</width>
							<height>90</height>
							<texture border="1">separator3.png</texture>
						</control>
						<control type="image">
							<width>198</width>
							<colordiffuse>grey</colordiffuse>
							<include>MediaFlagVars</include>
							<texture>$INFO[Window.Property(AudioChannels),flags/channels/,.png]</texture>
							<visible>!String.IsEmpty(Window.Property(AudioChannels))</visible>
						</control>
						<control type="image">
							<width>2</width>
							<height>90</height>
							<texture border="1">separator3.png</texture>
						</control>
						<control type="image">
							<width>198</width>
							<colordiffuse>grey</colordiffuse>
							<include>MediaFlagVars</include>
							<texture>$INFO[Window.Property(VideoCodec),flags/video/,.png]</texture>
						</control>
						<control type="image">
							<width>2</width>
							<height>90</height>
							<texture border="1">separator3.png</texture>
						</control>
						<control type="image">
							<width>198</width>
							<colordiffuse>grey</colordiffuse>
							<include>MediaFlagVars</include>
							<texture>$INFO[Window.Property(VideoAspect),flags/aspectratio/,.png]</texture>
						</control>
						<control type="image">
							<width>2</width>
							<height>90</height>
							<texture border="1">separator3.png</texture>
						</control>
						<control type="image">
							<width>198</width>
							<colordiffuse>grey</colordiffuse>
							<include>MediaFlagVars</include>
							<texture>flags/cc.png</texture>
							<visible>!String.IsEmpty(Window.Property(SubtitleLanguage))</visible>
						</control>
					</control>
					<control type="image">
						<top>90</top>
						<width>1828</width>
						<height>2</height>
						<texture border="1">separator2.png</texture>
					</control>
				</control>
				<control type="grouplist" id="9001">
					<left>-36</left>
					<top>550</top>
					<width>1828</width>
					<height>420</height>
					<onup>9000</onup>
					<ondown>noop</ondown>
					<pagecontrol>70</pagecontrol>
					<scrolltime tween="quadratic" easing="out">300</scrolltime>
					<control type="group" id="90017">
						<left>0</left>
						<top>0</top>
						<width>1828</width>
						<height>420</height>
						<control type="button" id="132">
							<description>FS Plot</description>
							<texturenofocus />
							<width>1826</width>
							<height>420</height>
							<label />
							<onup>9000</onup>
							<ondown>1000</ondown>
							<include>ButtonInfoDialogsCommonValues</include>
						</control>
						<control type="textbox" id="800">
							<description>Plot</description>
							<left>36</left>
							<top>10</top>
							<width>1770</width>
							<height>400</height>
							<font>font15_textbox</font>
							<align>left</align>
							<label>$INFO[Window.Property(Plot)]</label>
							<textcolor>white</textcolor>
							<pagecontrol>-</pagecontrol>
							<autoscroll time="3000" delay="6000" repeat="6000">Skin.HasSetting(Enable.AutoScroll)</autoscroll>
							<animation effect="fade" start="0" end="100" time="500" tween="sine" easing="inout">VisibleChange</animation>
							<animation effect="fade" start="100" end="78" time="300" tween="sine" easing="inout" condition="!Control.HasFocus(132)">Conditional</animation>
						</control>
					</control>
					<control type="panel" id="1000">
						<description>Cast</description>
						<left>0</left>
						<top>0</top>
						<width>1828</width>
						<height>420</height>
						<orientation>horizontal</orientation>
						<scrolltime tween="quadratic" easing="out">300</scrolltime>
						<visible>Integer.IsGreater(Container(1000).NumItems,0)</visible>
						<animation effect="fade" start="0" end="100" time="500" tween="sine" easing="inout">VisibleChange</animation>
						<itemlayout height="420" width="280">
							<control type="image">
								<width>280</width>
								<height>420</height>
								<aspectratio aligny="top">scale</aspectratio>
								<texture background="true" fallback="DefaultActor.png">$INFO[ListItem.Thumb]</texture>
								<bordertexture border="2">thumbs/panel_border3.png</bordertexture>
								<bordersize>2</bordersize>
							</control>
							<control type="image">
								<top>322</top>
								<width>280</width>
								<height>98</height>
								<texture>black.png</texture>
								<colordiffuse>88ffffff</colordiffuse>
								<bordersize>2</bordersize>
							</control>
							<control type="label">
								<left>10</left>
								<top>325</top>
								<width>260</width>
								<height>43</height>
								<align>center</align>
								<font>font14</font>
								<textcolor>grey</textcolor>
								<shadowcolor>shadow</shadowcolor>
								<selectedcolor>selected</selectedcolor>
								<label>$INFO[ListItem.Label]</label>
							</control>
							<control type="label">
								<left>10</left>
								<top>368</top>
								<width>260</width>
								<height>43</height>
								<align>center</align>
								<font>font14</font>
								<textcolor>grey</textcolor>
								<shadowcolor>shadow</shadowcolor>
								<selectedcolor>selected</selectedcolor>
								<label>$INFO[ListItem.Property(character), $LOCALIZE[20347] ,]</label>
							</control>
						</itemlayout>
						<focusedlayout height="420" width="280">
							<control type="group">
								<animation type="Focus" reversible="false">
									<effect type="zoom" start="95" end="100" time="300" tween="sine" easing="inout" center="auto" />
									<effect type="fade" start="80" end="100" time="300" />
								</animation>
								<control type="image">
									<width>280</width>
									<height>420</height>
									<aspectratio aligny="top">scale</aspectratio>
									<texture background="true" fallback="DefaultActor.png">$INFO[ListItem.Thumb]</texture>
									<bordertexture border="8">thumbs/thumbnail_focused.png</bordertexture>
									<bordersize>8</bordersize>
								</control>
								<control type="image">
									<top>316</top>
									<width>280</width>
									<height>104</height>
									<texture>black.png</texture>
									<colordiffuse>88ffffff</colordiffuse>
									<bordersize>8</bordersize>
								</control>
								<control type="label">
									<left>10</left>
									<top>325</top>
									<width>260</width>
									<height>43</height>
									<align>center</align>
									<font>font14</font>
									<selectedcolor>selected</selectedcolor>
									<shadowcolor>shadow</shadowcolor>
									<label>$INFO[ListItem.Label]</label>
									<animation effect="fade" start="100" end="40" time="300" tween="sine" easing="inout" condition="!Control.HasFocus(1000)">Conditional</animation>
								</control>
								<control type="label">
									<left>10</left>
									<top>368</top>
									<width>260</width>
									<height>43</height>
									<align>center</align>
									<font>font14</font>
									<selectedcolor>selected</selectedcolor>
									<shadowcolor>shadow</shadowcolor>
									<label>$INFO[ListItem.Property(character), $LOCALIZE[20347] ,]</label>
									<animation effect="fade" start="100" end="40" time="300" tween="sine" easing="inout" condition="!Control.HasFocus(1000)">Conditional</animation>
								</control>
							</control>
						</focusedlayout>
					</control>
					<control type="panel" id="750">
						<description>Crew</description>
						<left>0</left>
						<top>0</top>
						<width>1828</width>
						<height>420</height>
						<orientation>horizontal</orientation>
						<scrolltime tween="quadratic" easing="out">300</scrolltime>
						<visible>Integer.IsGreater(Container(750).NumItems,0)</visible>
						<animation effect="fade" start="0" end="100" time="500" tween="sine" easing="inout">VisibleChange</animation>
						<itemlayout height="420" width="280">
							<control type="image">
								<width>280</width>
								<height>420</height>
								<aspectratio aligny="top">scale</aspectratio>
								<texture background="true" fallback="DefaultActor.png">$INFO[ListItem.Thumb]</texture>
								<bordertexture border="2">thumbs/panel_border3.png</bordertexture>
								<bordersize>2</bordersize>
							</control>
							<control type="image">
								<top>322</top>
								<width>280</width>
								<height>98</height>
								<texture>black.png</texture>
								<colordiffuse>88ffffff</colordiffuse>
								<bordersize>2</bordersize>
							</control>
							<control type="label">
								<left>10</left>
								<top>325</top>
								<width>260</width>
								<height>43</height>
								<align>center</align>
								<font>font14</font>
								<textcolor>grey</textcolor>
								<shadowcolor>shadow</shadowcolor>
								<selectedcolor>selected</selectedcolor>
								<label>$INFO[ListItem.Label]$INFO[ListItem.Year, (,)]</label>
							</control>
							<control type="label">
								<left>10</left>
								<top>368</top>
								<width>260</width>
								<height>43</height>
								<align>center</align>
								<font>font14</font>
								<textcolor>grey</textcolor>
								<shadowcolor>shadow</shadowcolor>
								<selectedcolor>selected</selectedcolor>
								<label>$INFO[ListItem.Property(Job)]</label>
							</control>
						</itemlayout>
						<focusedlayout height="420" width="280">
							<control type="group">
								<animation type="Focus" reversible="false">
									<effect type="zoom" start="95" end="100" time="300" tween="sine" easing="inout" center="auto" />
									<effect type="fade" start="80" end="100" time="300" />
								</animation>
								<control type="image">
									<width>280</width>
									<height>420</height>
									<aspectratio aligny="top">scale</aspectratio>
									<texture background="true" fallback="DefaultActor.png">$INFO[ListItem.Thumb]</texture>
									<bordertexture border="8">thumbs/thumbnail_focused.png</bordertexture>
									<bordersize>8</bordersize>
								</control>
								<control type="image">
									<top>316</top>
									<width>280</width>
									<height>104</height>
									<texture>black.png</texture>
									<colordiffuse>88ffffff</colordiffuse>
									<bordersize>8</bordersize>
								</control>
								<control type="label">
									<left>10</left>
									<top>325</top>
									<width>260</width>
									<height>43</height>
									<align>center</align>
									<font>font14</font>
									<selectedcolor>selected</selectedcolor>
									<shadowcolor>shadow</shadowcolor>
									<label>$INFO[ListItem.Label]$INFO[ListItem.Year, (,)]</label>
									<animation effect="fade" start="100" end="40" time="300" tween="sine" easing="inout" condition="!Control.HasFocus(750)">Conditional</animation>
								</control>
								<control type="label">
									<left>10</left>
									<top>368</top>
									<width>260</width>
									<height>43</height>
									<align>center</align>
									<font>font14</font>
									<selectedcolor>selected</selectedcolor>
									<shadowcolor>shadow</shadowcolor>
									<label>$INFO[ListItem.Property(Job)]</label>
									<animation effect="fade" start="100" end="40" time="300" tween="sine" easing="inout" condition="!Control.HasFocus(750)">Conditional</animation>
								</control>
							</control>
						</focusedlayout>
					</control>
					<control type="panel" id="150">
						<description>Recommended by TMDB</description>
						<visible>Integer.IsGreater(Container(150).NumItems,0)</visible>	
						<left>0</left>
						<top>0</top>
						<width>1828</width>
						<height>420</height>
						<orientation>horizontal</orientation>
						<preloaditems>2</preloaditems>
						<scrolltime tween="quadratic" easing="out">300</scrolltime>
						<visible>Integer.IsGreater(Container(150).NumItems,0)</visible>
						<animation effect="fade" start="0" end="100" time="500" tween="sine" easing="inout">VisibleChange</animation>
						<itemlayout height="420" width="280">
							<control type="image">
								<width>280</width>
								<height>420</height>
								<aspectratio aligny="top">scale</aspectratio>
								<texture background="true" fallback="DefaultVideoCover.png">$INFO[ListItem.Thumb]</texture>
								<bordertexture border="2">thumbs/panel_border3.png</bordertexture>
								<bordersize>2</bordersize>
							</control>
							<control type="image">
								<left>180</left>
								<width>100</width>
								<height>100</height>                           
								<texture>overlays/addons/enabled.png</texture>
								<bordersize>2</bordersize>
								<visible>!String.IsEmpty(ListItem.Property(DBID))</visible>
							</control>
						</itemlayout>
						<focusedlayout height="420" width="280">
							<control type="group">
								<animation type="Focus" reversible="false">
									<effect type="zoom" start="95" end="100" time="300" tween="sine" easing="inout" center="auto" />
									<effect type="fade" start="80" end="100" time="300" />
								</animation>
								<control type="image">
									<width>280</width>
									<height>420</height>
									<aspectratio aligny="top">scale</aspectratio>
									<texture background="true" fallback="DefaultVideoCover.png">$INFO[ListItem.Thumb]</texture>
									<bordertexture border="8">thumbs/thumbnail_focused.png</bordertexture>
									<bordersize>8</bordersize>
								</control>
								<control type="image">
									<left>180</left>
									<width>100</width>
									<height>100</height>                           
									<texture>overlays/addons/enabled.png</texture>
									<bordersize>8</bordersize>
									<visible>!String.IsEmpty(ListItem.Property(DBID))</visible>
								</control>
							</control>
						</focusedlayout>
					</control>
					<control type="panel" id="250">
						<description>Set</description>
						<left>0</left>
						<top>0</top>
						<width>1828</width>
						<height>420</height>
						<orientation>horizontal</orientation>
						<scrolltime tween="quadratic" easing="out">300</scrolltime>
						<visible>Integer.IsGreater(Container(250).NumItems,0)</visible>
						<animation effect="fade" start="0" end="100" time="500" tween="sine" easing="inout">VisibleChange</animation>
						<itemlayout height="420" width="280">
							<control type="image">
								<width>280</width>
								<height>420</height>
								<aspectratio aligny="top">scale</aspectratio>
								<texture background="true" fallback="DefaultVideoCover.png">$INFO[ListItem.Thumb]</texture>
								<bordertexture border="2">thumbs/panel_border3.png</bordertexture>
								<bordersize>2</bordersize>
							</control>
							<control type="image">
								<left>180</left>
								<width>100</width>
								<height>100</height>                           
								<texture>overlays/addons/enabled.png</texture>
								<bordersize>2</bordersize>
								<visible>!String.IsEmpty(ListItem.Property(DBID))</visible>
							</control>
							<control type="image">
								<top>322</top>
								<width>280</width>
								<height>98</height>
								<texture>black.png</texture>
								<colordiffuse>88ffffff</colordiffuse>
								<bordersize>2</bordersize>
							</control>
							<control type="label">
								<left>10</left>
								<top>325</top>
								<width>260</width>
								<height>43</height>
								<align>center</align>
								<font>font14</font>
								<textcolor>grey</textcolor>
								<shadowcolor>shadow</shadowcolor>
								<selectedcolor>selected</selectedcolor>
								<label>$INFO[ListItem.Label]</label>
							</control>
							<control type="label">
								<left>10</left>
								<top>368</top>
								<width>260</width>
								<height>43</height>
								<align>center</align>
								<font>font14</font>
								<textcolor>grey</textcolor>
								<shadowcolor>shadow</shadowcolor>
								<selectedcolor>selected</selectedcolor>
								<label>$INFO[ListItem.Year]</label>
							</control>
						</itemlayout>
						<focusedlayout height="420" width="280">
							<control type="group">
								<animation type="Focus" reversible="false">
									<effect type="zoom" start="95" end="100" time="300" tween="sine" easing="inout" center="auto" />
									<effect type="fade" start="80" end="100" time="300" />
								</animation>
								<control type="image">
									<width>280</width>
									<height>420</height>
									<aspectratio aligny="top">scale</aspectratio>
									<texture background="true" fallback="DefaultVideoCover.png">$INFO[ListItem.Thumb]</texture>
									<bordertexture border="8">thumbs/thumbnail_focused.png</bordertexture>
									<bordersize>8</bordersize>
								</control>
								<control type="image">
									<left>180</left>
									<width>100</width>
									<height>100</height>                           
									<texture>overlays/addons/enabled.png</texture>
									<bordersize>8</bordersize>
									<visible>!String.IsEmpty(ListItem.Property(DBID))</visible>
								</control>
								<control type="image">
									<top>316</top>
									<width>280</width>
									<height>104</height>
									<texture>black.png</texture>
									<colordiffuse>88ffffff</colordiffuse>
									<bordersize>8</bordersize>
								</control>
								<control type="label">
									<left>10</left>
									<top>325</top>
									<width>260</width>
									<height>43</height>
									<align>center</align>
									<font>font14</font>
									<selectedcolor>selected</selectedcolor>
									<shadowcolor>shadow</shadowcolor>
									<label>$INFO[ListItem.Label]</label>
									<animation effect="fade" start="100" end="40" time="300" tween="sine" easing="inout" condition="!Control.HasFocus(250)">Conditional</animation>
								</control>
								<control type="label">
									<left>10</left>
									<top>368</top>
									<width>260</width>
									<height>43</height>
									<align>center</align>
									<font>font14</font>
									<selectedcolor>selected</selectedcolor>
									<shadowcolor>shadow</shadowcolor>
									<label>$INFO[ListItem.Year]</label>
									<animation effect="fade" start="100" end="40" time="300" tween="sine" easing="inout" condition="!Control.HasFocus(250)">Conditional</animation>
								</control>
							</control>
						</focusedlayout>
					</control>
					<control type="panel" id="1150">
						<description>Official Videos</description>
						<left>0</left>
						<top>0</top>
						<width>1828</width>
						<height>420</height>
						<orientation>horizontal</orientation>
						<preloaditems>2</preloaditems>
						<scrolltime tween="quadratic" easing="out">300</scrolltime>
						<visible>Integer.IsGreater(Container(1150).NumItems,0)</visible>
						<animation effect="fade" start="0" end="100" time="500" tween="sine" easing="inout">VisibleChange</animation>
						<itemlayout height="420" width="594">
							<control type="image">
								<width>594</width>
								<height>420</height>
								<aspectratio>scale</aspectratio>
								<texture background="true" fallback="DefaultVideoCover.png">$INFO[ListItem.Thumb]</texture>
								<bordertexture border="2">thumbs/panel_border3.png</bordertexture>
								<bordersize>2</bordersize>
							</control>
							<control type="image">
								<top>322</top>
								<width>594</width>
								<height>98</height>
								<texture>black.png</texture>
								<colordiffuse>88ffffff</colordiffuse>
								<bordersize>2</bordersize>
							</control>
							<control type="label">
								<left>10</left>
								<top>325</top>
								<width>574</width>
								<height>43</height>
								<align>center</align>
								<font>font14</font>
								<textcolor>grey</textcolor>
								<shadowcolor>shadow</shadowcolor>
								<selectedcolor>selected</selectedcolor>
								<label>[B]$INFO[ListItem.Property(Type),,:][/B]</label>
							</control>
							<control type="label">
								<left>10</left>
								<top>368</top>
								<width>574</width>
								<height>43</height>
								<align>center</align>
								<font>font14</font>
								<textcolor>grey</textcolor>
								<shadowcolor>shadow</shadowcolor>
								<selectedcolor>selected</selectedcolor>
								<label>$INFO[ListItem.Label]</label>
							</control>
						</itemlayout>
						<focusedlayout height="420" width="594">
							<control type="group">
								<animation type="Focus" reversible="false">
									<effect type="zoom" start="95" end="100" time="300" tween="sine" easing="inout" center="auto" />
									<effect type="fade" start="80" end="100" time="300" />
								</animation>
								<control type="image">
									<width>594</width>
									<height>420</height>
									<aspectratio>scale</aspectratio>
									<texture background="true" fallback="DefaultVideoCover.png">$INFO[ListItem.Thumb]</texture>
									<bordertexture border="8">thumbs/thumbnail_focused.png</bordertexture>
									<bordersize>8</bordersize>
								</control>
								<control type="image">
									<top>316</top>
									<width>594</width>
									<height>104</height>
									<texture>black.png</texture>
									<colordiffuse>88ffffff</colordiffuse>
									<bordersize>8</bordersize>
								</control>
								<control type="label">
									<left>10</left>
									<top>325</top>
									<width>574</width>
									<height>43</height>
									<align>center</align>
									<font>font14</font>
									<selectedcolor>selected</selectedcolor>
									<shadowcolor>shadow</shadowcolor>
									<label>[B]$INFO[ListItem.Property(Type),,:][/B]</label>
									<animation effect="fade" start="100" end="40" time="300" tween="sine" easing="inout" condition="!Control.HasFocus(1150)">Conditional</animation>
								</control>
								<control type="label">
									<left>10</left>
									<top>368</top>
									<width>574</width>
									<height>43</height>
									<align>center</align>
									<font>font14</font>
									<selectedcolor>selected</selectedcolor>
									<shadowcolor>shadow</shadowcolor>
									<label>$INFO[ListItem.Label]</label>
									<animation effect="fade" start="100" end="40" time="300" tween="sine" easing="inout" condition="!Control.HasFocus(1150)">Conditional</animation>
								</control>
							</control>
						</focusedlayout>                   
					</control>
					<control type="panel" id="350">
						<description>Youtube Videos</description>
						<left>0</left>
						<top>0</top>
						<width>1828</width>
						<height>420</height>
						<orientation>horizontal</orientation>
						<preloaditems>2</preloaditems>
						<scrolltime tween="quadratic" easing="out">300</scrolltime>
						<visible>Integer.IsGreater(Container(350).NumItems,0)</visible>
						<animation effect="fade" start="0" end="100" time="500" tween="sine" easing="inout">VisibleChange</animation>
						<itemlayout height="420" width="594">
							<control type="image">
								<width>594</width>
								<height>420</height>
								<aspectratio>scale</aspectratio>
								<texture background="true" fallback="DefaultVideoCover.png">$INFO[ListItem.Thumb]</texture>
								<bordertexture border="2">thumbs/panel_border3.png</bordertexture>
								<bordersize>2</bordersize>
							</control>
							<control type="image">
								<top>322</top>
								<width>594</width>
								<height>98</height>
								<texture>black.png</texture>
								<colordiffuse>88ffffff</colordiffuse>
								<bordersize>2</bordersize>
							</control>
							<control type="textbox">
								<left>10</left>
								<top>325</top>
								<width>574</width>
								<height>86</height>
								<align>center</align>
								<font>font14</font>
								<textcolor>grey</textcolor>
								<shadowcolor>shadow</shadowcolor>
								<selectedcolor>selected</selectedcolor>
								<label>$INFO[ListItem.Label]</label>
							</control>
						</itemlayout>
						<focusedlayout height="420" width="594">
							<control type="group">
								<animation type="Focus" reversible="false">
									<effect type="zoom" start="95" end="100" time="300" tween="sine" easing="inout" center="auto" />
									<effect type="fade" start="80" end="100" time="300" />
								</animation>
								<control type="image">
									<width>594</width>
									<height>420</height>
									<aspectratio>scale</aspectratio>
									<texture background="true" fallback="DefaultVideoCover.png">$INFO[ListItem.Thumb]</texture>
									<bordertexture border="8">thumbs/thumbnail_focused.png</bordertexture>
									<bordersize>8</bordersize>
								</control>
								<control type="image">
									<top>316</top>
									<width>594</width>
									<height>104</height>
									<texture>black.png</texture>
									<colordiffuse>88ffffff</colordiffuse>
									<bordersize>8</bordersize>
								</control>
								<control type="textbox">
									<left>10</left>
									<top>325</top>
									<width>574</width>
									<height>86</height>
									<align>center</align>
									<font>font14</font>
									<selectedcolor>selected</selectedcolor>
									<shadowcolor>shadow</shadowcolor>
									<label>$INFO[ListItem.Label]</label>
									<autoscroll time="3000" delay="100" repeat="5000">true</autoscroll>
									<animation effect="fade" start="100" end="40" time="300" tween="sine" easing="inout" condition="!Control.HasFocus(350)">Conditional</animation>
								</control>
							</control>
						</focusedlayout>                   
					</control>
					<control type="panel" id="1250">
						<description>Artwork</description>
						<left>0</left>
						<top>0</top>
						<width>1828</width>
						<height>420</height>
						<orientation>horizontal</orientation>
						<preloaditems>2</preloaditems>
						<scrolltime tween="quadratic" easing="out">300</scrolltime>
						<visible>Integer.IsGreater(Container(1250).NumItems,0)</visible>
						<animation effect="fade" start="0" end="100" time="500" tween="sine" easing="inout">VisibleChange</animation>
						<itemlayout height="420" width="280">
							<control type="image">
								<width>280</width>
								<height>420</height>
								<aspectratio aligny="top">scale</aspectratio>
								<texture background="true" fallback="DefaultVideoCover.png">$INFO[ListItem.Thumb]</texture>
								<bordertexture border="2">thumbs/panel_border3.png</bordertexture>
								<bordersize>2</bordersize>
							</control>
						</itemlayout>
						<focusedlayout height="420" width="280">
							<control type="group">
								<animation type="Focus" reversible="false">
									<effect type="zoom" start="95" end="100" time="300" tween="sine" easing="inout" center="auto" />
									<effect type="fade" start="80" end="100" time="300" />
								</animation>
								<control type="image">
									<width>280</width>
									<height>420</height>
									<aspectratio aligny="top">scale</aspectratio>
									<texture background="true" fallback="DefaultVideoCover.png">$INFO[ListItem.Thumb]</texture>
									<bordertexture border="8">thumbs/thumbnail_focused.png</bordertexture>
									<bordersize>8</bordersize>
								</control>
							</control>
						</focusedlayout>
					</control>
					<control type="panel" id="1350">
						<description>Fanart</description>
						<left>0</left>
						<top>0</top>
						<width>1828</width>
						<height>420</height>
						<orientation>horizontal</orientation>
						<preloaditems>2</preloaditems>
						<scrolltime tween="quadratic" easing="out">300</scrolltime>
						<visible>Integer.IsGreater(Container(1350).NumItems,0)</visible>
						<animation effect="fade" start="0" end="100" time="500" tween="sine" easing="inout">VisibleChange</animation>
						<itemlayout height="420" width="594">
							<control type="image">
								<width>594</width>
								<height>420</height>
								<aspectratio>scale</aspectratio>
								<texture background="true" fallback="DefaultVideoCover.png">$INFO[ListItem.Thumb]</texture>
								<bordertexture border="2">thumbs/panel_border3.png</bordertexture>
								<bordersize>2</bordersize>
							</control>
						</itemlayout>
						<focusedlayout height="420" width="594">
							<control type="group">
								<animation type="Focus" reversible="false">
									<effect type="zoom" start="95" end="100" time="300" tween="sine" easing="inout" center="auto" />
									<effect type="fade" start="80" end="100" time="300" />
								</animation>
								<control type="image">
									<width>594</width>
									<height>420</height>
									<aspectratio>scale</aspectratio>
									<texture background="true" fallback="DefaultVideoCover.png">$INFO[ListItem.Thumb]</texture>
									<bordertexture border="8">thumbs/thumbnail_focused.png</bordertexture>
									<bordersize>8</bordersize>
								</control>
							</control>
						</focusedlayout>                   
					</control>
					<control type="panel" id="450">
						<description>Lists from MovieDB Users</description>
						<include>HiddenList</include>
						<visible>false</visible>
					</control>
					<control type="panel" id="550">
						<description>Production Companies</description>
						<include>HiddenList</include>
						<visible>false</visible>
					</control>
					<control type="panel" id="650">
						<description>Releases</description>
						<include>HiddenList</include>
						<visible>false</visible>
					</control>
					<control type="panel" id="850">
						<description>Genres</description>
						<include>HiddenList</include>
						<visible>false</visible>
					</control>
					<control type="panel" id="950">
						<description>Keywords</description>
						<include>HiddenList</include>
						<visible>false</visible>
					</control>
					<control type="panel" id="1050">
						<description>Reviews</description>
						<include>HiddenList</include>
						<visible>false</visible>
					</control>
					<control type="panel" id="1450">
						<description>Networks</description>
						<include>HiddenList</include>
						<visible>false</visible>
					</control>
					<control type="panel" id="2000">
						<description>Episode Index</description>
						<include>HiddenList</include>
						<visible>false</visible>
					</control>
				</control>
				<control type="scrollbar" id="70">
					<include>HiddenObject</include>
				</control>
				<control type="group" id="71">
					<left>0</left>
					<top>975</top>
					<visible>ControlGroup(9001).HasFocus</visible>
					<include>SettingsFadeEffect</include>
					<control type="label">
						<width>1828</width>
						<height>90</height>
						<aligny>center</aligny>
						<font>font15</font>
						<textcolor>grey</textcolor>
						<label>$VAR[ExtendedInfo.DetailsLabelVar]</label>
					</control>
					<control type="button">
						<left>1730</left>
						<top>20</top>
						<width>40</width>
						<height>25</height>
						<label />
						<texturenofocus border="1">android/numberpicker_up_normal_holo_dark.png</texturenofocus>
						<texturefocus border="1">android/numberpicker_up_longpressed_holo_dark.png</texturefocus>
						<onclick>PageUp(70)</onclick>
					</control>
					<control type="button">
						<left>1730</left>
						<top>50</top>
						<width>40</width>
						<height>25</height>
						<label />
						<texturenofocus border="1">android/numberpicker_down_normal_holo_dark.png</texturenofocus>
						<texturefocus border="1">android/numberpicker_down_longpressed_holo_dark.png</texturefocus>
						<onclick>PageDown(70)</onclick>
						<animation effect="fade" time="100">VisibleChange</animation>
						<visible>Container(9001).HasNext</visible>
					</control>
				</control>
			</control>
			<control type="group">
				<left>3</left>
				<top>0</top>
				<control type="image">
					<top>450</top>
					<width>594</width>
					<height>60</height>
					<texture border="1">separator2.png</texture>
					<visible>!Integer.IsGreater(Container(300).NumItems,2)</visible>
				</control>
				<control type="image">
					<left>594</left>
					<top>450</top>
					<width>594</width>
					<height>60</height>
					<texture border="1">separator2.png</texture>
					<visible>!Integer.IsGreater(Container(300).NumItems,5)</visible>
				</control>
				<control type="grouplist" id="9000">
					<left>1</left>
					<top>510</top>
					<width>1828</width>
					<height>60</height>
					<itemgap>0</itemgap>
					<onleft>9000</onleft>
					<onright>9000</onright>
					<onup>300</onup>
					<align>left</align>
					<ondown>9001</ondown>
					<orientation>horizontal</orientation>
					<control type="button" id="8">
						<description>Play</description>
						<width>551</width>
						<include>ButtonInfoDialogsCommonValues</include>
						<label>208</label>
						<enable>!String.IsEmpty(Window.Property(DBID))</enable>
					</control>
					<control type="image" id="200">
						<width>2</width>
						<height>58</height>
						<texture border="1">separator3.png</texture>
					</control>
					<control type="togglebutton" id="6001">
						<description>Set rating</description>
						<width>551</width>
						<include>ButtonInfoDialogsCommonValues</include>
						<label>38023</label>
						<altlabel>$LOCALIZE[31147]</altlabel>
						<usealttexture>!String.IsEmpty(Window.Property(rated))</usealttexture>
						<enable>!String.IsEmpty(Window.Property(tmdb_logged_in)) + [!String.IsEqual(Window.Property(type),season) + !String.IsEqual(Window.Property(type),episode)]</enable>
					</control>
					<control type="image" id="201">
						<width>2</width>
						<height>58</height>
						<texture border="1">separator3.png</texture>
					</control>
					<control type="radiobutton" id="6005">
						<description>Add to TMDB list</description>
						<textureradioonfocus />
						<textureradioofffocus />
						<textureradiooffnofocus />
						<textureradioonnofocus />
						<width>551</width>
						<include>ButtonInfoDialogsCommonValues</include>
						<label>$ADDON[script.extendedinfo 32107]</label>
					</control>
					<control type="image" id="205">
						<width>2</width>
						<height>58</height>
						<texture border="1">separator3.png</texture>
					</control>
					<control type="image" id="211">
						<width>2</width>
						<height>58</height>
						<texture border="1">separator3.png</texture>
					</control>
					<control type="radiobutton" id="6003">
						<description>Favourites</description>
						<font>IconMedium</font>
						<width>80</width>
						<textureradioonfocus />
						<textureradioofffocus />
						<textureradiooffnofocus />
						<textureradioonnofocus />
						<include>ButtonInfoDialogsCommonValues</include>
						<label>$VAR[ExtendedInfo.FavLabelVar]</label>
						<enable>!String.IsEmpty(Window.Property(tmdb_logged_in)) + [!String.IsEqual(Window.Property(type),season) + !String.IsEqual(Window.Property(type),episode)]</enable>
					</control>
					<control type="image" id="212">
						<width>2</width>
						<height>58</height>
						<texture border="1">separator3.png</texture>
					</control>
					<control type="radiobutton" id="445">
						<description>Extras</description>
						<font>IconMedium</font>
						<width>80</width>
						<textureradioonfocus />
						<textureradioofffocus />
						<textureradiooffnofocus />
						<textureradioonnofocus />
						<include>ButtonInfoDialogsCommonValues</include>
						<label>+</label>
					</control>
				</control>
			</control>
		</control>
	</controls>
</window>