<?xml version="1.0" encoding="UTF-8"?>
<window>
	<defaultcontrol always="true">9001</defaultcontrol>
	<allowoverlay>no</allowoverlay>
	<controls>
		<control type="group">
			<animation effect="slide" start="-729,0" end="0,0" time="500" tween="quadratic">WindowOpen</animation>
			<animation effect="slide" end="-729,0" time="500" tween="quadratic">WindowClose</animation>
			<control type="image">
				<width>729</width>
				<height>1080</height>
				<aspectratio aligny="top">scale</aspectratio>
				<texture background="true" fallback="black.png">$INFO[Window.Property(actor.thumb)]</texture>
			</control>
		</control>
		<control type="group">
			<animation effect="slide" start="1882,0" end="0,0" time="500" tween="quadratic">WindowOpen</animation>
			<animation effect="slide" end="1882,0" time="500" tween="quadratic">WindowClose</animation>
			<left>729</left>
			<control type="image">
				<width>1832</width>
				<height>1080</height>
				<aspectratio align="center">scale</aspectratio>
				<texture background="true" fallback="black.png">$INFO[Window.Property(actor.thumb)]</texture>
			</control>
			<control type="image">
				<width>1832</width>
				<height>1080</height>
				<texture border="4">dialogs/info/info_rightpaneltop.png</texture>
			</control>
			<control type="group">
				<left>40</left>
				<top>20</top>
				<width>1042</width>
				<height>854</height>
				<control type="label">
					<top>-20</top>
					<width>1042</width>
					<height>110</height>
					<aligny>center</aligny>
					<align>left</align>
					<font>font30_title_bold</font>
					<textcolor>grey</textcolor>
					<scroll>true</scroll>
					<label>$INFO[Window.Property(actor.title)]</label>
				</control>
				<control type="image">
					<left>1042</left>
					<top>0</top>
					<width>149</width>
					<height>60</height>
					<texture>special://home/addons/script.extendedinfo/resources/skins/Default/media/moviedb.png</texture>
					<aspectratio align="left" aligny="center">keep</aspectratio>                   
				</control>
				<control type="image">
					<left>-37</left>
					<top>17</top>
					<width>1828</width>
					<height>60</height>
					<texture border="1">separator2.png</texture>
				</control>
				<control type="panel" id="300">
					<left>-36</left>
					<top>80</top>
					<width>1828</width>
					<height>468</height>
					<onup>4002</onup>
					<ondown>9001</ondown>
					<orientation>horizontal</orientation>
					<scrolltime tween="quadratic" easing="out">200</scrolltime>
					<itemlayout height="117" width="594">
						<control type="image">
							<top>57</top>
							<width>594</width>
							<height>60</height>
							<texture border="1">separator2.png</texture>
						</control>
						<control type="label">
							<top>50</top>
							<width>594</width>
							<height>55</height>
							<font>font15</font>
							<textcolor>grey</textcolor>
							<selectedcolor>selected</selectedcolor>
							<label>$INFO[ListItem.Label]</label>
							<textoffsetx>36</textoffsetx>
						</control>
						<control type="label">
							<top>5</top>
							<width>594</width>
							<height>55</height>
							<font>font15</font>
							<textcolor>labelheader</textcolor>
							<selectedcolor>selected</selectedcolor>
							<label>$INFO[ListItem.Label2]</label>
							<textoffsetx>36</textoffsetx>
						</control>
					</itemlayout>
					<focusedlayout height="117" width="594">
						<control type="image">
							<top>57</top>
							<width>594</width>
							<height>60</height>
							<texture border="1">separator2.png</texture>
						</control>
						<control type="image">
							<top>1</top>
							<width>594</width>
							<height>116</height>
							<texture border="4">listselect_fo.png</texture>
							<visible>Control.HasFocus(300)</visible>
							<include>VisibleFadeEffect</include>
						</control>
						<control type="label">
							<top>50</top>
							<width>594</width>
							<height>55</height>
							<font>font15</font>
							<textcolor>white</textcolor>
							<selectedcolor>selected</selectedcolor>
							<label>$INFO[ListItem.Label]</label>
							<textoffsetx>36</textoffsetx>
						</control>
						<control type="label">
							<top>5</top>
							<width>594</width>
							<height>55</height>
							<font>font15</font>
							<textcolor>white</textcolor>
							<selectedcolor>selected</selectedcolor>
							<label>$INFO[ListItem.Label2]</label>
							<textoffsetx>36</textoffsetx>
						</control>
					</focusedlayout>
					<content>
						<item>
							<label fallback="161">$INFO[Window.Property(actor.AlsoKnownAs)]</label>
							<label2>$ADDON[script.extendedinfo 32016]:</label2>
							<onclick>noop</onclick>
							<visible>!String.IsEmpty(Window.Property(actor.AlsoKnownAs))</visible>
						</item>
						<item>
							<label fallback="161">$INFO[Window.Property(actor.Birthday)]</label>
							<label2>$ADDON[script.extendedinfo 32012]:</label2>
							<onclick>noop</onclick>
						</item>
						<item>
							<label fallback="161">$INFO[Window.Property(actor.Age)]</label>
							<label2>$ADDON[script.extendedinfo 32020]:</label2>
							<onclick>noop</onclick>
							<visible>String.IsEmpty(Window.Property(actor.Deathday))</visible>
						</item>
						<item>
							<label fallback="161">$INFO[Window.Property(actor.Deathday)]</label>
							<label2>$ADDON[script.extendedinfo 32013]:</label2>
							<onclick>noop</onclick>
							<visible>!String.IsEmpty(Window.Property(actor.Deathday))</visible>
						</item>
						<item>
							<label fallback="161">$INFO[Window.Property(actor.PlaceOfBirth)]</label>
							<label2>$ADDON[script.extendedinfo 32014]:</label2>
							<onclick>noop</onclick>
						</item>
						<item>
							<label fallback="161">$INFO[Container(150).NumItems]</label>
							<!--<label fallback="161">$INFO[Window.Property(actor.TotalMovies)]</label>-->
							<label2>$ADDON[script.extendedinfo 32011]:</label2>
							<onclick>noop</onclick>
						</item>
						<item>
							<label fallback="161">$INFO[Window.Property(actor.DBMovies)]</label>
							<label2>$ADDON[script.extendedinfo 32021]:</label2>
							<onclick>noop</onclick>
						</item>
						<item>
							<label fallback="161">$INFO[Window.Property(actor.Homepage)]</label>
							<label2>$ADDON[script.extendedinfo 32017]:</label2>
							<onclick>noop</onclick>
						</item>
					</content>
				</control>

				<control type="grouplist" id="9001">
					<left>-36</left>
					<top>550</top>
					<width>1830</width>
					<height>420</height>
					<onup>300</onup>
					<ondown>noop</ondown>
					<pagecontrol>70</pagecontrol>
					<scrolltime tween="quadratic" easing="out">300</scrolltime>
					<control type="group" id="90011">
						<left>0</left>
						<top>0</top>
						<width>1830</width>
						<height>420</height>
						<control type="radiobutton" id="132">
							<description>FS Plot</description>
							<textureradioonfocus />
							<textureradioofffocus />
							<textureradiooffnofocus />
							<textureradioonnofocus />
							<texturenofocus />
							<width>1826</width>
							<height>420</height>
							<label />
							<onup>300</onup>
							<ondown>150</ondown>
							<include>ButtonInfoDialogsCommonValues</include>
						</control>
						<control type="textbox" id="800">
							<description>Plot</description>
							<left>36</left>
							<top>10</top>
							<width>1772</width>
							<height>400</height>
							<font>font15_textbox</font>
							<align>left</align>
							<label fallback="$LOCALIZE[547]">$INFO[Window.Property(actor.Biography)]</label>
							<textcolor>white</textcolor>
							<pagecontrol>-</pagecontrol>
							<autoscroll time="3000" delay="6000" repeat="6000">Skin.HasSetting(Enable.AutoScroll)</autoscroll>
							<animation effect="fade" start="0" end="100" time="500" tween="sine" easing="inout">VisibleChange</animation>
							<animation effect="fade" start="100" end="78" time="300" tween="sine" easing="inout" condition="!Control.HasFocus(132)">Conditional</animation>
						</control>
					</control>
					<control type="panel" id="150">
						<description>Movies roles</description>
						<left>0</left>
						<top>0</top>
						<width>1830</width>
						<height>420</height>
						<orientation>horizontal</orientation>
						<scrolltime tween="quadratic" easing="out">300</scrolltime>
						<visible>Integer.IsGreater(Container(150).NumItems,0)</visible>
						<animation effect="fade" start="0" end="100" time="500" tween="sine" easing="inout">VisibleChange</animation>
						<itemlayout height="420" width="280">
							<control type="image">
								<width>280</width>
								<height>420</height>
								<aspectratio aligny="top">scale</aspectratio>
								<texture background="true" fallback="DefaultVideoCover.png">$INFO[ListItem.Thumb]</texture>
								<bordertexture border="2">thumbs/panel_border3.png</bordertexture>
								<bordersize>2</bordersize>
							</control>
							<control type="image">
								<left>180</left>
								<width>100</width>
								<height>100</height>                           
								<texture>overlays/addons/enabled.png</texture>
								<bordersize>2</bordersize>
								<visible>!String.IsEmpty(ListItem.Property(DBID))</visible>
							</control>
							<control type="image">
								<top>322</top>
								<width>280</width>
								<height>98</height>
								<texture>black.png</texture>
								<colordiffuse>88ffffff</colordiffuse>
								<bordersize>2</bordersize>
							</control>
							<control type="label">
								<left>10</left>
								<top>325</top>
								<width>260</width>
								<height>43</height>
								<align>center</align>
								<font>font14</font>
								<textcolor>grey</textcolor>
								<shadowcolor>shadow</shadowcolor>
								<selectedcolor>selected</selectedcolor>
								<label>$INFO[ListItem.Label]</label>
							</control>
							<control type="label">
								<left>10</left>
								<top>368</top>
								<width>260</width>
								<height>43</height>
								<align>center</align>
								<font>font14</font>
								<textcolor>grey</textcolor>
								<shadowcolor>shadow</shadowcolor>
								<selectedcolor>selected</selectedcolor>
								<label>$INFO[ListItem.Year]</label>
							</control>
						</itemlayout>
						<focusedlayout height="420" width="280">
							<control type="group">
								<animation type="Focus" reversible="false">
									<effect type="zoom" start="95" end="100" time="300" tween="sine" easing="inout" center="auto" />
									<effect type="fade" start="80" end="100" time="300" />
								</animation>
								<control type="image">
									<width>280</width>
									<height>420</height>
									<aspectratio aligny="top">scale</aspectratio>
									<texture background="true" fallback="DefaultVideoCover.png">$INFO[ListItem.Thumb]</texture>
									<bordertexture border="8">thumbs/thumbnail_focused.png</bordertexture>
									<bordersize>8</bordersize>
								</control>
								<control type="image">
									<left>180</left>
									<width>100</width>
									<height>100</height>                           
									<texture>overlays/addons/enabled.png</texture>
									<bordersize>8</bordersize>
									<visible>!String.IsEmpty(ListItem.Property(DBID))</visible>
								</control>
								<control type="image">
									<top>316</top>
									<width>280</width>
									<height>104</height>
									<texture>black.png</texture>
									<colordiffuse>88ffffff</colordiffuse>
									<bordersize>8</bordersize>
								</control>
								<control type="label">
									<left>10</left>
									<top>325</top>
									<width>260</width>
									<height>43</height>
									<align>center</align>
									<font>font14</font>
									<selectedcolor>selected</selectedcolor>
									<shadowcolor>shadow</shadowcolor>
									<label>$INFO[ListItem.Label]</label>
									<animation effect="fade" start="100" end="40" time="300" tween="sine" easing="inout" condition="!Control.HasFocus(150)">Conditional</animation>
								</control>
								<control type="label">
									<left>10</left>
									<top>368</top>
									<width>260</width>
									<height>43</height>
									<align>center</align>
									<font>font14</font>
									<selectedcolor>selected</selectedcolor>
									<shadowcolor>shadow</shadowcolor>
									<label>$INFO[ListItem.Year]</label>
									<animation effect="fade" start="100" end="40" time="300" tween="sine" easing="inout" condition="!Control.HasFocus(150)">Conditional</animation>
								</control>
							</control>
						</focusedlayout>
					</control>            
					<control type="panel" id="250">
						<description>Movies roles</description>
						<left>0</left>
						<top>0</top>
						<width>1830</width>
						<height>420</height>
						<orientation>horizontal</orientation>
						<scrolltime tween="quadratic" easing="out">300</scrolltime>
						<visible>Integer.IsGreater(Container(250).NumItems,0)</visible>
						<animation effect="fade" start="0" end="100" time="500" tween="sine" easing="inout">VisibleChange</animation>
						<itemlayout height="420" width="280">
							<control type="image">
								<width>280</width>
								<height>420</height>
								<aspectratio aligny="top">scale</aspectratio>
								<texture background="true" fallback="DefaultVideoCover.png">$INFO[ListItem.Thumb]</texture>
								<bordertexture border="2">thumbs/panel_border3.png</bordertexture>
								<bordersize>2</bordersize>
							</control>
							<control type="image">
								<left>180</left>
								<width>100</width>
								<height>100</height>                           
								<texture>overlays/addons/enabled.png</texture>
								<bordersize>2</bordersize>
								<visible>!String.IsEmpty(ListItem.Property(DBID))</visible>
							</control>
							<control type="image">
								<top>322</top>
								<width>280</width>
								<height>98</height>
								<texture>black.png</texture>
								<colordiffuse>88ffffff</colordiffuse>
								<bordersize>2</bordersize>
							</control>
							<control type="label">
								<left>10</left>
								<top>325</top>
								<width>260</width>
								<height>43</height>
								<align>center</align>
								<font>font14</font>
								<textcolor>grey</textcolor>
								<shadowcolor>shadow</shadowcolor>
								<selectedcolor>selected</selectedcolor>
								<label>$INFO[ListItem.Label]</label>
							</control>
							<control type="label">
								<left>10</left>
								<top>368</top>
								<width>260</width>
								<height>43</height>
								<align>center</align>
								<font>font14</font>
								<textcolor>grey</textcolor>
								<shadowcolor>shadow</shadowcolor>
								<selectedcolor>selected</selectedcolor>
								<label>$INFO[ListItem.Year]</label>
							</control>
						</itemlayout>
						<focusedlayout height="420" width="280">
							<control type="group">
								<animation type="Focus" reversible="false">
									<effect type="zoom" start="95" end="100" time="300" tween="sine" easing="inout" center="auto" />
									<effect type="fade" start="80" end="100" time="300" />
								</animation>
								<control type="image">
									<width>280</width>
									<height>420</height>
									<aspectratio aligny="top">scale</aspectratio>
									<texture background="true" fallback="DefaultVideoCover.png">$INFO[ListItem.Thumb]</texture>
									<bordertexture border="8">thumbs/thumbnail_focused.png</bordertexture>
									<bordersize>8</bordersize>
								</control>
								<control type="image">
									<left>180</left>
									<width>100</width>
									<height>100</height>                           
									<texture>overlays/addons/enabled.png</texture>
									<bordersize>8</bordersize>
									<visible>!String.IsEmpty(ListItem.Property(DBID))</visible>
								</control>
								<control type="image">
									<top>316</top>
									<width>280</width>
									<height>104</height>
									<texture>black.png</texture>
									<colordiffuse>88ffffff</colordiffuse>
									<bordersize>8</bordersize>
								</control>
								<control type="label">
									<left>10</left>
									<top>325</top>
									<width>260</width>
									<height>43</height>
									<align>center</align>
									<font>font14</font>
									<selectedcolor>selected</selectedcolor>
									<shadowcolor>shadow</shadowcolor>
									<label>$INFO[ListItem.Label]</label>
									<animation effect="fade" start="100" end="40" time="300" tween="sine" easing="inout" condition="!Control.HasFocus(250)">Conditional</animation>
								</control>
								<control type="label">
									<left>10</left>
									<top>368</top>
									<width>260</width>
									<height>43</height>
									<align>center</align>
									<font>font14</font>
									<selectedcolor>selected</selectedcolor>
									<shadowcolor>shadow</shadowcolor>
									<label>$INFO[ListItem.Year]</label>
									<animation effect="fade" start="100" end="40" time="300" tween="sine" easing="inout" condition="!Control.HasFocus(250)">Conditional</animation>
								</control>
							</control>
						</focusedlayout>
					</control>            
					<control type="panel" id="350">
						<description>Youtube Videos</description>
						<left>0</left>
						<top>0</top>
						<width>1830</width>
						<height>420</height>
						<orientation>horizontal</orientation>
						<preloaditems>2</preloaditems>
						<scrolltime tween="quadratic" easing="out">300</scrolltime>
						<visible>Integer.IsGreater(Container(350).NumItems,0)</visible>
						<animation effect="fade" start="0" end="100" time="500" tween="sine" easing="inout">VisibleChange</animation>
						<itemlayout height="420" width="594">
							<control type="image">
								<width>594</width>
								<height>420</height>
								<aspectratio>scale</aspectratio>
								<texture background="true" fallback="DefaultVideoCover.png">$INFO[ListItem.Thumb]</texture>
								<bordertexture border="2">thumbs/panel_border3.png</bordertexture>
								<bordersize>2</bordersize>
							</control>
							<control type="image">
								<top>322</top>
								<width>594</width>
								<height>98</height>
								<texture>black.png</texture>
								<colordiffuse>88ffffff</colordiffuse>
								<bordersize>2</bordersize>
							</control>
							<control type="textbox">
								<left>10</left>
								<top>325</top>
								<width>574</width>
								<height>86</height>
								<align>center</align>
								<font>font14</font>
								<textcolor>grey</textcolor>
								<shadowcolor>shadow</shadowcolor>
								<selectedcolor>selected</selectedcolor>
								<label>$INFO[ListItem.Label]</label>
							</control>
						</itemlayout>
						<focusedlayout height="420" width="594">
							<control type="group">
								<animation type="Focus" reversible="false">
									<effect type="zoom" start="95" end="100" time="300" tween="sine" easing="inout" center="auto" />
									<effect type="fade" start="80" end="100" time="300" />
								</animation>
								<control type="image">
									<width>594</width>
									<height>420</height>
									<aspectratio>scale</aspectratio>
									<texture background="true" fallback="DefaultVideoCover.png">$INFO[ListItem.Thumb]</texture>
									<bordertexture border="8">thumbs/thumbnail_focused.png</bordertexture>
									<bordersize>8</bordersize>
								</control>
								<control type="image">
									<top>316</top>
									<width>594</width>
									<height>104</height>
									<texture>black.png</texture>
									<colordiffuse>88ffffff</colordiffuse>
									<bordersize>8</bordersize>
								</control>
								<control type="textbox">
									<left>10</left>
									<top>325</top>
									<width>574</width>
									<height>86</height>
									<align>center</align>
									<font>font14</font>
									<selectedcolor>selected</selectedcolor>
									<shadowcolor>shadow</shadowcolor>
									<label>$INFO[ListItem.Label]</label>
									<autoscroll time="3000" delay="100" repeat="5000">true</autoscroll>
									<animation effect="fade" start="100" end="40" time="300" tween="sine" easing="inout" condition="!Control.HasFocus(350)">Conditional</animation>
								</control>
							</control>
						</focusedlayout>                   
					</control>
					<control type="panel" id="550">
						<description>Crew</description>
						<left>0</left>
						<top>0</top>
						<width>1830</width>
						<height>420</height>
						<orientation>horizontal</orientation>
						<scrolltime tween="quadratic" easing="out">300</scrolltime>
						<visible>Integer.IsGreater(Container(550).NumItems,0)</visible>
						<animation effect="fade" start="0" end="100" time="500" tween="sine" easing="inout">VisibleChange</animation>
						<itemlayout height="420" width="280">
							<control type="image">
								<width>280</width>
								<height>420</height>
								<aspectratio aligny="top">scale</aspectratio>
								<texture background="true" fallback="DefaultActor.png">$INFO[ListItem.Thumb]</texture>
								<bordertexture border="2">thumbs/panel_border3.png</bordertexture>
								<bordersize>2</bordersize>
							</control>
							<control type="image">
								<top>322</top>
								<width>280</width>
								<height>98</height>
								<texture>black.png</texture>
								<colordiffuse>88ffffff</colordiffuse>
								<bordersize>2</bordersize>
							</control>
							<control type="label">
								<left>10</left>
								<top>325</top>
								<width>260</width>
								<height>43</height>
								<align>center</align>
								<font>font14</font>
								<textcolor>grey</textcolor>
								<shadowcolor>shadow</shadowcolor>
								<selectedcolor>selected</selectedcolor>
								<label>$INFO[ListItem.Label]$INFO[ListItem.Year, (,)]</label>
							</control>
							<control type="label">
								<left>10</left>
								<top>368</top>
								<width>260</width>
								<height>43</height>
								<align>center</align>
								<font>font14</font>
								<textcolor>grey</textcolor>
								<shadowcolor>shadow</shadowcolor>
								<selectedcolor>selected</selectedcolor>
								<label>$INFO[ListItem.Property(Job)]</label>
							</control>
						</itemlayout>
						<focusedlayout height="420" width="280">
							<control type="group">
								<animation type="Focus" reversible="false">
									<effect type="zoom" start="95" end="100" time="300" tween="sine" easing="inout" center="auto" />
									<effect type="fade" start="80" end="100" time="300" />
								</animation>
								<control type="image">
									<width>280</width>
									<height>420</height>
									<aspectratio aligny="top">scale</aspectratio>
									<texture background="true" fallback="DefaultActor.png">$INFO[ListItem.Thumb]</texture>
									<bordertexture border="8">thumbs/thumbnail_focused.png</bordertexture>
									<bordersize>8</bordersize>
								</control>
								<control type="image">
									<top>316</top>
									<width>280</width>
									<height>104</height>
									<texture>black.png</texture>
									<colordiffuse>88ffffff</colordiffuse>
									<bordersize>8</bordersize>
								</control>
								<control type="label">
									<left>10</left>
									<top>325</top>
									<width>260</width>
									<height>43</height>
									<align>center</align>
									<font>font14</font>
									<selectedcolor>selected</selectedcolor>
									<shadowcolor>shadow</shadowcolor>
									<label>$INFO[ListItem.Label]$INFO[ListItem.Year, (,)]</label>
									<animation effect="fade" start="100" end="40" time="300" tween="sine" easing="inout" condition="!Control.HasFocus(550)">Conditional</animation>
								</control>
								<control type="label">
									<left>10</left>
									<top>368</top>
									<width>260</width>
									<height>43</height>
									<align>center</align>
									<font>font14</font>
									<selectedcolor>selected</selectedcolor>
									<shadowcolor>shadow</shadowcolor>
									<label>$INFO[ListItem.Property(Job)]</label>
									<animation effect="fade" start="100" end="40" time="300" tween="sine" easing="inout" condition="!Control.HasFocus(550)">Conditional</animation>
								</control>
							</control>
						</focusedlayout>
					</control>
					<control type="panel" id="650">
						<description>Crew</description>
						<left>0</left>
						<top>0</top>
						<width>1830</width>
						<height>420</height>
						<orientation>horizontal</orientation>
						<scrolltime tween="quadratic" easing="out">300</scrolltime>
						<visible>Integer.IsGreater(Container(650).NumItems,0)</visible>
						<animation effect="fade" start="0" end="100" time="500" tween="sine" easing="inout">VisibleChange</animation>
						<itemlayout height="420" width="280">
							<control type="image">
								<width>280</width>
								<height>420</height>
								<aspectratio aligny="top">scale</aspectratio>
								<texture background="true" fallback="DefaultActor.png">$INFO[ListItem.Thumb]</texture>
								<bordertexture border="2">thumbs/panel_border3.png</bordertexture>
								<bordersize>2</bordersize>
							</control>
							<control type="image">
								<top>322</top>
								<width>280</width>
								<height>98</height>
								<texture>black.png</texture>
								<colordiffuse>88ffffff</colordiffuse>
								<bordersize>2</bordersize>
							</control>
							<control type="label">
								<left>10</left>
								<top>325</top>
								<width>260</width>
								<height>43</height>
								<align>center</align>
								<font>font14</font>
								<textcolor>grey</textcolor>
								<shadowcolor>shadow</shadowcolor>
								<selectedcolor>selected</selectedcolor>
								<label>$INFO[ListItem.Label]$INFO[ListItem.Year, (,)]</label>
							</control>
							<control type="label">
								<left>10</left>
								<top>368</top>
								<width>260</width>
								<height>43</height>
								<align>center</align>
								<font>font14</font>
								<textcolor>grey</textcolor>
								<shadowcolor>shadow</shadowcolor>
								<selectedcolor>selected</selectedcolor>
								<label>$INFO[ListItem.Property(Job)]</label>
							</control>
						</itemlayout>
						<focusedlayout height="420" width="280">
							<control type="group">
								<animation type="Focus" reversible="false">
									<effect type="zoom" start="95" end="100" time="300" tween="sine" easing="inout" center="auto" />
									<effect type="fade" start="80" end="100" time="300" />
								</animation>
								<control type="image">
									<width>280</width>
									<height>420</height>
									<aspectratio aligny="top">scale</aspectratio>
									<texture background="true" fallback="DefaultActor.png">$INFO[ListItem.Thumb]</texture>
									<bordertexture border="8">thumbs/thumbnail_focused.png</bordertexture>
									<bordersize>8</bordersize>
								</control>
								<control type="image">
									<top>316</top>
									<width>280</width>
									<height>104</height>
									<texture>black.png</texture>
									<colordiffuse>88ffffff</colordiffuse>
									<bordersize>8</bordersize>
								</control>
								<control type="label">
									<left>10</left>
									<top>325</top>
									<width>260</width>
									<height>43</height>
									<align>center</align>
									<font>font14</font>
									<selectedcolor>selected</selectedcolor>
									<shadowcolor>shadow</shadowcolor>
									<label>$INFO[ListItem.Label]$INFO[ListItem.Year, (,)]</label>
									<animation effect="fade" start="100" end="40" time="300" tween="sine" easing="inout" condition="!Control.HasFocus(650)">Conditional</animation>
								</control>
								<control type="label">
									<left>10</left>
									<top>368</top>
									<width>260</width>
									<height>43</height>
									<align>center</align>
									<font>font14</font>
									<selectedcolor>selected</selectedcolor>
									<shadowcolor>shadow</shadowcolor>
									<label>$INFO[ListItem.Property(Job)]</label>
									<animation effect="fade" start="100" end="40" time="300" tween="sine" easing="inout" condition="!Control.HasFocus(650)">Conditional</animation>
								</control>
							</control>
						</focusedlayout>
					</control>					
					<control type="panel" id="450">
						<description>Artwork</description>
						<left>0</left>
						<top>0</top>
						<width>1830</width>
						<height>420</height>
						<orientation>horizontal</orientation>
						<preloaditems>2</preloaditems>
						<scrolltime tween="quadratic" easing="out">300</scrolltime>
						<visible>Integer.IsGreater(Container(450).NumItems,0)</visible>
						<animation effect="fade" start="0" end="100" time="500" tween="sine" easing="inout">VisibleChange</animation>
						<itemlayout height="420" width="280">
							<control type="image">
								<width>280</width>
								<height>420</height>
								<aspectratio aligny="top">scale</aspectratio>
								<texture background="true" fallback="DefaultVideoCover.png">$INFO[ListItem.Thumb]</texture>
								<bordertexture border="2">thumbs/panel_border3.png</bordertexture>
								<bordersize>2</bordersize>
							</control>
						</itemlayout>
						<focusedlayout height="420" width="280">
							<control type="group">
								<animation type="Focus" reversible="false">
									<effect type="zoom" start="95" end="100" time="300" tween="sine" easing="inout" center="auto" />
									<effect type="fade" start="80" end="100" time="300" />
								</animation>
								<control type="image">
									<width>280</width>
									<height>420</height>
									<aspectratio aligny="top">scale</aspectratio>
									<texture background="true" fallback="DefaultVideoCover.png">$INFO[ListItem.Thumb]</texture>
									<bordertexture border="8">thumbs/thumbnail_focused.png</bordertexture>
									<bordersize>8</bordersize>
								</control>
							</control>
						</focusedlayout>
					</control>
					<control type="panel" id="750">
						<description>Fanart</description>
						<left>0</left>
						<top>0</top>
						<width>1830</width>
						<height>420</height>
						<orientation>horizontal</orientation>
						<preloaditems>2</preloaditems>
						<scrolltime tween="quadratic" easing="out">300</scrolltime>
						<visible>Integer.IsGreater(Container(750).NumItems,0)</visible>
						<animation effect="fade" start="0" end="100" time="500" tween="sine" easing="inout">VisibleChange</animation>
						<itemlayout height="420" width="594">
							<control type="image">
								<width>594</width>
								<height>420</height>
								<aspectratio>scale</aspectratio>
								<texture background="true" fallback="DefaultVideoCover.png">$INFO[ListItem.Thumb]</texture>
								<bordertexture border="2">thumbs/panel_border3.png</bordertexture>
								<bordersize>2</bordersize>
							</control>
						</itemlayout>
						<focusedlayout height="420" width="594">
							<control type="group">
								<animation type="Focus" reversible="false">
									<effect type="zoom" start="95" end="100" time="300" tween="sine" easing="inout" center="auto" />
									<effect type="fade" start="80" end="100" time="300" />
								</animation>
								<control type="image">
									<width>594</width>
									<height>420</height>
									<aspectratio>scale</aspectratio>
									<texture background="true" fallback="DefaultVideoCover.png">$INFO[ListItem.Thumb]</texture>
									<bordertexture border="8">thumbs/thumbnail_focused.png</bordertexture>
									<bordersize>8</bordersize>
								</control>
							</control>
						</focusedlayout>                   
					</control>
				</control>
				<control type="scrollbar" id="70">
					<include>HiddenObject</include>
				</control>
				<control type="group">
					<left>0</left>
					<top>975</top>
					<control type="label">
						<width>1830</width>
						<height>90</height>
						<aligny>center</aligny>
						<font>font15</font>
						<textcolor>grey</textcolor>
						<label>$VAR[ExtendedInfo.ActorDetailsLabelVar]</label>
					</control>
					<control type="button">
						<left>1740</left>
						<top>20</top>
						<width>40</width>
						<height>25</height>
						<label />
						<texturenofocus border="1">android/numberpicker_up_normal_holo_dark.png</texturenofocus>
						<texturefocus border="1">android/numberpicker_up_longpressed_holo_dark.png</texturefocus>
						<onclick>PageUp(70)</onclick>
					</control>
					<control type="button">
						<left>1740</left>
						<top>50</top>
						<width>40</width>
						<height>25</height>
						<label />
						<texturenofocus border="1">android/numberpicker_down_normal_holo_dark.png</texturenofocus>
						<texturefocus border="1">android/numberpicker_down_longpressed_holo_dark.png</texturefocus>
						<onclick>PageDown(70)</onclick>
						<animation effect="fade" time="100">VisibleChange</animation>
						<visible>Container(9001).HasNext</visible>
					</control>
				</control>
			</control>
		</control>
	</controls>
</window>