<?xml version="1.0" encoding="UTF-8"?>
<window>
	<defaultcontrol always="true">7</defaultcontrol>
	<coordinates>
		<system>1</system>
		<left>729</left>
		<top>165</top>
	</coordinates>
	<include>dialogeffect</include>
	<controls>
		<control type="group">
			<control type="image">
				<description>background image</description>
				<left>0</left>
				<top>0</top>
				<width>1122</width>
				<height>750</height>
				<texture border="40">dialogs/default/bg.png</texture>
			</control>
			<control type="label" id="2">
				<description>header label</description>
				<left>30</left>
				<top>32</top>
				<width>1062</width>
				<height>40</height>
				<font>font14_title</font>
				<label>658</label>
				<align>center</align>
				<textcolor>dialogheader</textcolor>
			</control>
			<control type="image">
				<left>30</left>
				<top>86</top>
				<width>740</width>
				<height>632</height>
				<texture border="5">dialogs/default/inner.png</texture>
			</control>
			<control type="panel" id="9002">
				<left>31</left>
				<top>88</top>
				<width>738</width>
				<height>630</height>
				<onup>9002</onup>
				<ondown>9002</ondown>
				<onleft>9001</onleft>
				<onright>60</onright>
				<pagecontrol>60</pagecontrol>
				<scrolltime tween="quadratic" easing="out">200</scrolltime>
				<itemlayout height="90" width="738">
					<control type="image">
						<top>30</top>
						<width>738</width>
						<height>60</height>
						<texture border="1">separator2.png</texture>
					</control>
					<control type="label">
						<top>45</top>
						<width>738</width>
						<height>38</height>
						<font>font14</font>
						<textcolor>grey</textcolor>
						<selectedcolor>selected</selectedcolor>
						<label>$INFO[ListItem.Label]</label>
						<textoffsetx>15</textoffsetx>
					</control>
					<control type="label">
						<top>0</top>
						<width>738</width>
						<height>45</height>
						<font>font14</font>
						<textcolor>labelheader</textcolor>
						<selectedcolor>selected</selectedcolor>
						<label>$INFO[ListItem.Label2]</label>
						<textoffsetx>15</textoffsetx>
					</control>
				</itemlayout>
				<focusedlayout height="90" width="738">
					<control type="image">
						<top>30</top>
						<width>738</width>
						<height>60</height>
						<texture border="1">separator2.png</texture>
					</control>
					<control type="image">
						<top>0</top>
						<width>738</width>
						<height>90</height>
						<texture border="4">listselect_fo.png</texture>
						<visible>Control.HasFocus(9002)</visible>
						<include>VisibleFadeEffect</include>
					</control>
					<control type="label">
						<top>45</top>
						<width>738</width>
						<height>38</height>
						<font>font14</font>
						<textcolor>white</textcolor>
						<selectedcolor>selected</selectedcolor>
						<label>$INFO[ListItem.Label]</label>
						<animation effect="fade" start="100" end="70" time="300" tween="sine" easing="inout" condition="!Control.HasFocus(9002)">Conditional</animation>
						<textoffsetx>15</textoffsetx>
					</control>
					<control type="label">
						<top>0</top>
						<width>738</width>
						<height>45</height>
						<font>font14</font>
						<textcolor>white</textcolor>
						<selectedcolor>selected</selectedcolor>
						<label>$INFO[ListItem.Label2]</label>
						<animation effect="fade" start="100" end="70" time="300" tween="sine" easing="inout" condition="!Control.HasFocus(9002)">Conditional</animation>
						<textoffsetx>15</textoffsetx>
					</control>
				</focusedlayout>
				<content>
					<item>
						<label>$INFO[ListItem.Title]</label>
						<label2>$LOCALIZE[369]:</label2>
						<onclick>noop</onclick>
					</item>
					<item>
						<label>$INFO[ListItem.Artist]</label>
						<label2>$LOCALIZE[557]:</label2>
						<onclick>noop</onclick>
						<visible>!IsEmpty(ListItem.Artist)</visible>
					</item>
					<item>
						<label>$INFO[ListItem.Album]$INFO[listitem.discnumber, - $LOCALIZE[427] ]</label>
						<label2>$LOCALIZE[558]:</label2>
						<onclick>noop</onclick>
						<visible>!IsEmpty(ListItem.Album)</visible>
					</item>
					<item>
						<label>$INFO[ListItem.Genre]</label>
						<label2>$LOCALIZE[515]:</label2>
						<onclick>noop</onclick>
						<visible>!IsEmpty(ListItem.Genre)</visible>
					</item>
					<item>
						<label>$INFO[ListItem.Year]</label>
						<label2>$LOCALIZE[562]:</label2>
						<onclick>noop</onclick>
						<visible>!IsEmpty(ListItem.Year)</visible>
					</item>
					<item>
						<label>$INFO[ListItem.TrackNumber]</label>
						<label2>$LOCALIZE[554]:</label2>
						<onclick>noop</onclick>
						<visible>!IsEmpty(ListItem.TrackNumber)</visible>
					</item>
					<item>
						<label>$INFO[ListItem.Duration]</label>
						<label2>$LOCALIZE[180]:</label2>
						<onclick>noop</onclick>
						<visible>!IsEmpty(ListItem.Duration)</visible>
					</item>
					<item>
						<label>$INFO[ListItem.Comment]</label>
						<label2>$LOCALIZE[21806]:</label2>
						<onclick>noop</onclick>
						<visible>!IsEmpty(ListItem.Comment)</visible>
					</item>
					<item>
						<label>$INFO[ListItem.DateAdded]</label>
						<label2>$LOCALIZE[570]:</label2>
						<onclick>noop</onclick>
						<visible>!IsEmpty(ListItem.DateAdded)</visible>
					</item>
					<item>
						<label>$INFO[ListItem.Path]</label>
						<label2>$LOCALIZE[573]:</label2>
						<onclick>noop</onclick>
					</item>
					<item>
						<label>$INFO[ListItem.Filename]</label>
						<label2>$LOCALIZE[21800]:</label2>
						<onclick>noop</onclick>
						<visible>!IsEmpty(ListItem.Filename)</visible>
					</item>
					<item>
						<label>$INFO[ListItem.PlayCount]</label>
						<label2>$LOCALIZE[567]:</label2>
						<onclick>noop</onclick>
						<visible>!IsEmpty(ListItem.PlayCount)</visible>
					</item>
					<item>
						<label>$INFO[ListItem.LastPlayed]</label>
						<label2 fallback="-">$LOCALIZE[568]:</label2>
						<onclick>noop</onclick>
						<visible>!IsEmpty(ListItem.LastPlayed)</visible>
					</item>
				</content>
			</control>
			<control type="scrollbar" id="60">
				<left>770</left>
				<top>88</top>
				<height>630</height>
				<width>14</width>
				<onleft>9002</onleft>
				<onright>9001</onright>
				<ondown>60</ondown>
				<onup>60</onup>
				<showonepage>false</showonepage>
				<texturesliderbackground>-</texturesliderbackground>
				<texturesliderbar colordiffuse="55ffffff" border="4">scrollbar/texturesliderbar3.png</texturesliderbar>
				<texturesliderbarfocus border="4">scrollbar/texturesliderbar3.png</texturesliderbarfocus>
				<animation effect="slide" start="0" end="157" time="0" tween="quadratic" condition="Control.IsVisible(3) + !Control.IsVisible(5)">Conditional</animation>
			</control>
			<!-- right group -->
			<control type="group">
				<left>782</left>
				<top>88</top>
				<control type="image">
					<left>-1</left>
					<top>-2</top>
					<width>312</width>
					<height>632</height>
					<texture border="5">dialogs/default/inner.png</texture>
				</control>
				<control type="grouplist" id="9001">
					<onup>9001</onup>
					<onleft>9002</onleft>
					<onright>9001</onright>
					<ondown>9001</ondown>
					<control type="image">
						<width>310</width>
						<height>332</height>
						<aspectratio aligny="top">keep</aspectratio>
						<texture background="true">$INFO[ListItem.Icon]</texture>
						<bordertexture border="5">dialogs/default/inner.png</bordertexture>
						<bordersize>1</bordersize>
					</control>
					<control type="image">
						<description>Rating value</description>
						<width>310</width>
						<height>120</height>
						<aspectratio aligny="top">keep</aspectratio>
						<colordiffuse>grey2</colordiffuse>
						<visible>IsEmpty(ListItem.Rating)</visible>
						<texture>flags/rating/0.png</texture>
					</control>
					<control type="image">
						<description>Rating value</description>
						<width>310</width>
						<height>120</height>
						<aspectratio aligny="top">keep</aspectratio>
						<colordiffuse>grey2</colordiffuse>
						<visible>!IsEmpty(ListItem.Rating)</visible>
						<texture colordiffuse="themecolor">$INFO[ListItem.Rating,flags/rating/,.png]</texture>
					</control>
					<control type="button" id="7">
						<description>Set my rating</description>
						<label>38023</label>
						<width>310</width>
						<label>222</label>
					</control>
					<control type="button" id="12">
						<description>Album Info button</description>
						<width>310</width>
						<label>10523</label>
					</control>
					<control type="button" id="13">
						<description>Get Thumb button</description>
						<width>310</width>
						<label>13405</label>
						<enable>!Skin.HasSetting(KioskMode.Enabled)</enable>
					</control>
				</control>
			</control>
		</control>
	</controls>
</window>