<?xml version="1.0" encoding="UTF-8"?>
<window>
	<defaultcontrol>5</defaultcontrol>
	<coordinates>
		<system>1</system>
		<left>680</left>
		<top>179</top>
	</coordinates>
	<include>dialogeffect</include>
	<controls> 
		<control type="group">
			<animation effect="fade" start="100" end="0" time="400" condition="Window.IsVisible(SliderDialog) | Window.IsVisible(FileBrowser)">Conditional</animation>
			<control type="image">
				<description>background image</description>
				<left>0</left>
				<top>0</top>
				<width>1200</width>
				<height>722</height>
				<texture border="40">dialogs/default/bg2.png</texture>
			</control>
			<control type="label">
				<left>30</left>
				<top>32</top>
				<width>1140</width>
				<height>40</height>
				<font>font15_title</font>
				<label>$LOCALIZE[3] - $LOCALIZE[5]</label>
				<align>center</align>
				<textcolor>dialogheader</textcolor>
				<visible>Window.IsVisible(osdvideosettings)</visible>
			</control>
			<control type="label">
				<left>30</left>
				<top>32</top>
				<width>1140</width>
				<height>40</height>
				<font>font15_title</font>
				<label>$LOCALIZE[292] - $LOCALIZE[5]</label>
				<align>center</align>
				<textcolor>dialogheader</textcolor>
				<visible>Window.IsVisible(osdaudiosettings)</visible>
			</control>
			<control type="image">
				<left>32</left>
				<top>88</top>
				<width>1136</width>
				<height>600</height>
				<texture border="5">dialogs/default/inner2.png</texture>
			</control>
			<control type="grouplist" id="5">
				<description>control area</description>
				<left>32</left>
				<top>88</top>
				<width>1136</width>
				<height>600</height>
				<itemgap>0</itemgap>
				<pagecontrol>60</pagecontrol>
				<onup>5</onup>
				<ondown>5</ondown>
				<onleft>5</onleft>
				<onright>60</onright>
			</control>
			<control type="scrollbar" id="60">
				<left>1166</left>
				<top>88</top>
				<width>14</width>
				<height>600</height>
				<texturesliderbackground>-</texturesliderbackground>
				<texturesliderbar colordiffuse="55ffffff" border="1">scrollbar/texturesliderbar2.png</texturesliderbar>
				<texturesliderbarfocus border="1">scrollbar/texturesliderbar2.png</texturesliderbarfocus>
				<onleft>5</onleft>
				<onright>9001</onright>
				<showonepage>false</showonepage>
				<orientation>vertical</orientation>
			</control>
		</control>
		<control type="button" id="7">
			<description>Default Button</description>
			<left>0</left>
			<top>0</top>
			<height>75</height>
			<font>font15</font>
			<textcolor>grey2</textcolor>
			<focusedcolor>white</focusedcolor>
			<texturefocus border="3">listselect_fo.png</texturefocus>
			<texturenofocus border="1">separator2.png</texturenofocus>
		</control>
		<control type="radiobutton" id="8">
			<description>Default RadioButton</description>
			<left>0</left>
			<top>0</top>
			<height>75</height>
			<font>font15</font>
			<textcolor>grey2</textcolor>
			<focusedcolor>white</focusedcolor>
			<texturefocus border="3">listselect_fo.png</texturefocus>
			<texturenofocus border="1">separator2.png</texturenofocus>
		</control>
		<control type="spincontrolex" id="9">
			<description>Default SpinControlex</description>
			<left>0</left>
			<top>0</top>
			<height>75</height>
			<font>font15</font>
			<textcolor>grey2</textcolor>
			<focusedcolor>white</focusedcolor>
			<texturefocus border="3">listselect_fo.png</texturefocus>
			<texturenofocus border="1">separator2.png</texturenofocus>
			<aligny>center</aligny>
			<reverse>yes</reverse>
		</control>
		<control type="sliderex" id="13">
			<description>Default Slider</description>
			<left>0</left>
			<top>0</top>
			<height>75</height>
			<font>font15</font>
			<textcolor>grey2</textcolor>
			<focusedcolor>white</focusedcolor>
			<texturefocus border="3">listselect_fo.png</texturefocus>
			<texturenofocus border="1">separator2.png</texturenofocus>
			<aligny>center</aligny>
		</control>
		<control type="image" id="11">
			<description>separator image</description>
			<height>2</height>
			<texture border="0,0,0,2">separator2.png</texture>
			<visible>!IsEmpty(Control.GetLabel(14))</visible>
		</control>
		<control type="label" id="14">
			<description>Default Label</description>
			<left>0</left>
			<top>0</top>
			<height>73</height>
			<font>font15</font>
			<align>center</align>
			<textcolor>dialogheader</textcolor>
		</control>
	</controls>
</window>