<?xml version="1.0" encoding="UTF-8" standalone="yes"?>
<addon id="plugin.program.grecotm" name="[COLOR black].[/COLOR] GRecoTM Wizard" version="1.0.0" provider-name="GRecoTM">
  <requires>
    <import addon="xbmc.python" version="2.1.0"/>
  </requires>
  <extension point="xbmc.python.pluginsource" library="default.py">
        <provides>executable</provides>
  </extension>
  <extension point="xbmc.addon.metadata">
    <summary lang="en">GRecoTM</summary>
    <description lang="en">Greek Tools</description>
	<disclaimer lang="en">Delete ALL DATA !!!!!</disclaimer>
		<forum>y</forum>
		<source> y</source>
		<website>https://www.facebook.com/groups/GreekXBMC/</website>
    <platform>all</platform> 
  </extension>
</addon>
