<?xml version="1.0" encoding="UTF-8"?>
    <addon id="repository.Twilight1" name="Twilight1 Addon Repository" version="1.0.0" provider-name="Twilight0">
        <requires>
            <import addon="xbmc.addon" version="12.0.0"/>
        </requires>
        <extension point="xbmc.addon.repository" name="Twilight1 Addon Repository">
            <info compressed="false">https://raw.githubusercontent.com/Twilight0/repo.twilight1/master/_repo/addons.xml</info>
            <checksum>https://raw.githubusercontent.com/Twilight0/repo.twilight1/master/_repo/addons.xml.md5</checksum>
            <datadir zip="true">https://raw.githubusercontent.com/Twilight0/repo.twilight1/master/_repo/</datadir>
            <hashes>false</hashes>
        </extension>
        <extension point="xbmc.addon.metadata">
            <summary>Repository for Wizard</summary>
            <description></description>
            <platform>all</platform>
    </extension>
</addon>