<?xml version="1.0" encoding="UTF-8" standalone="yes"?>
<addon id="plugin.program.Twilight0" name="Twilight0 Wizard" version="1.0.5" provider-name="Twilight0">
  <requires>
    <import addon="xbmc.python" version="2.1.0"/>
	<import addon="script.module.addon.common"/>
  </requires>
  <extension point="xbmc.python.pluginsource" library="default.py">
        <provides>executable</provides>
  </extension>
  <extension point="xbmc.addon.metadata">
    <summary lang="en">Twilight0 Wizard</summary>
    <description lang="en">Twilight0 Wizard can install a build duet optimized for Greek users. Lightweight, designed for either Kodi 15.x or 16.x.</description>
    <platform>all</platform>
  </extension>
</addon>
